	flight_id	airline	origin_airport	destination_airport	flight_number	delay_reason	departure_delay	scheduled_trip_time	scheduled_departure	scheduled_arrival	day_of_week	day_of_year
195	195	UA	SFO	LAX	1224	None	ON_TIME	SHORT_FLIGHT	MORNING	MORNING	4	1
707	707	VX	SFO	LAX	922	None	ON_TIME	SHORT_FLIGHT	MORNING	MORNING	4	1
1255	1255	AA	SFO	LAX	76	None	ON_TIME	SHORT_FLIGHT	MORNING	MORNING	4	1
1566	1566	VX	SFO	LAX	1930	None	ON_TIME	SHORT_FLIGHT	MORNING	MORNING	4	1
2300	2300	UA	SFO	LAX	479	None	ON_TIME	SHORT_FLIGHT	MORNING	MORNING	4	1
2446	2446	AA	SFO	LAX	338	None	ON_TIME	SHORT_FLIGHT	MORNING	MORNING	4	1
2549	2549	WN	SFO	LAX	920	None	ON_TIME	SHORT_FLIGHT	MORNING	MORNING	4	1
3233	3233	UA	SFO	LAX	1067	None	ON_TIME	MID_FLIGHT	MORNING	MORNING	4	1
3410	3410	WN	SFO	LAX	2346	None	ON_TIME	SHORT_FLIGHT	MORNING	MORNING	4	1
4289	4289	UA	SFO	LAX	769	None	ON_TIME	MID_FLIGHT	MORNING	AFTERNOON	4	1
4362	4362	VX	SFO	LAX	330	None	ON_TIME	SHORT_FLIGHT	MORNING	AFTERNOON	4	1
4789	4789	WN	SFO	LAX	2509	None	ON_TIME	SHORT_FLIGHT	MORNING	AFTERNOON	4	1
5333	5333	UA	SFO	LAX	706	None	ON_TIME	MID_FLIGHT	AFTERNOON	AFTERNOON	4	1
5448	5448	AA	SFO	LAX	2378	None	ON_TIME	SHORT_FLIGHT	AFTERNOON	AFTERNOON	4	1
5941	5941	WN	SFO	LAX	1098	None	ON_TIME	SHORT_FLIGHT	AFTERNOON	AFTERNOON	4	1
6507	6507	UA	SFO	LAX	1159	None	ON_TIME	MID_FLIGHT	AFTERNOON	AFTERNOON	4	1
6525	6525	VX	SFO	LAX	928	None	ON_TIME	SHORT_FLIGHT	AFTERNOON	AFTERNOON	4	1
8251	8251	WN	SFO	LAX	2687	None	ON_TIME	SHORT_FLIGHT	AFTERNOON	AFTERNOON	4	1
8298	8298	UA	SFO	LAX	390	None	ON_TIME	SHORT_FLIGHT	AFTERNOON	AFTERNOON	4	1
8550	8550	VX	SFO	LAX	932	None	ON_TIME	SHORT_FLIGHT	AFTERNOON	AFTERNOON	4	1
9130	9130	VX	SFO	LAX	936	None	ON_TIME	SHORT_FLIGHT	AFTERNOON	AFTERNOON	4	1
9373	9373	WN	SFO	LAX	1276	LATE_AIRCRAFT	SMALL_DELAY	SHORT_FLIGHT	AFTERNOON	AFTERNOON	4	1
9422	9422	UA	SFO	LAX	488	None	ON_TIME	SHORT_FLIGHT	AFTERNOON	AFTERNOON	4	1
10691	10691	WN	SFO	LAX	1585	None	ON_TIME	SHORT_FLIGHT	AFTERNOON	EVENING	4	1
10946	10946	AA	SFO	LAX	209	LATE_AIRCRAFT	MID_DELAY	SHORT_FLIGHT	EVENING	EVENING	4	1
11338	11338	VX	SFO	LAX	938	None	ON_TIME	SHORT_FLIGHT	EVENING	EVENING	4	1
11944	11944	VX	SFO	LAX	942	None	ON_TIME	SHORT_FLIGHT	EVENING	EVENING	4	1
12034	12034	UA	SFO	LAX	738	None	ON_TIME	SHORT_FLIGHT	EVENING	EVENING	4	1
12527	12527	WN	SFO	LAX	1454	None	SMALL_DELAY	SHORT_FLIGHT	EVENING	EVENING	4	1
12663	12663	AA	SFO	LAX	219	None	ON_TIME	SHORT_FLIGHT	EVENING	EVENING	4	1
12842	12842	VX	SFO	LAX	948	None	ON_TIME	SHORT_FLIGHT	EVENING	EVENING	4	1
13784	13784	UA	SFO	LAX	724	AIR_SYSTEM	ON_TIME	SHORT_FLIGHT	EVENING	NIGHT	4	1
14267	14267	UA	SFO	LAX	297	None	ON_TIME	SHORT_FLIGHT	MORNING	MORNING	5	2
14362	14362	WN	SFO	LAX	1456	None	ON_TIME	SHORT_FLIGHT	MORNING	MORNING	5	2
15311	15311	VX	SFO	LAX	922	None	ON_TIME	SHORT_FLIGHT	MORNING	MORNING	5	2
16191	16191	AA	SFO	LAX	76	None	ON_TIME	SHORT_FLIGHT	MORNING	MORNING	5	2
16553	16553	WN	SFO	LAX	2331	None	ON_TIME	SHORT_FLIGHT	MORNING	MORNING	5	2
16635	16635	VX	SFO	LAX	1930	None	ON_TIME	SHORT_FLIGHT	MORNING	MORNING	5	2
17584	17584	UA	SFO	LAX	479	LATE_AIRCRAFT	LARGE_DELAY	SHORT_FLIGHT	MORNING	MORNING	5	2
17776	17776	AA	SFO	LAX	338	None	ON_TIME	SHORT_FLIGHT	MORNING	MORNING	5	2
17877	17877	WN	SFO	LAX	920	AIRLINE	SMALL_DELAY	SHORT_FLIGHT	MORNING	MORNING	5	2
18867	18867	WN	SFO	LAX	2346	None	ON_TIME	SHORT_FLIGHT	MORNING	MORNING	5	2
19011	19011	UA	SFO	LAX	814	None	ON_TIME	MID_FLIGHT	MORNING	MORNING	5	2
19871	19871	UA	SFO	LAX	531	None	ON_TIME	MID_FLIGHT	MORNING	AFTERNOON	5	2
19957	19957	VX	SFO	LAX	330	None	ON_TIME	SHORT_FLIGHT	MORNING	AFTERNOON	5	2
20415	20415	WN	SFO	LAX	2509	None	ON_TIME	SHORT_FLIGHT	MORNING	AFTERNOON	5	2
20996	20996	UA	SFO	LAX	706	AIRLINE	SMALL_DELAY	MID_FLIGHT	AFTERNOON	AFTERNOON	5	2
21120	21120	AA	SFO	LAX	2378	LATE_AIRCRAFT	SMALL_DELAY	SHORT_FLIGHT	AFTERNOON	AFTERNOON	5	2
21633	21633	WN	SFO	LAX	1098	None	SMALL_DELAY	SHORT_FLIGHT	AFTERNOON	AFTERNOON	5	2
22216	22216	UA	SFO	LAX	1531	None	ON_TIME	MID_FLIGHT	AFTERNOON	AFTERNOON	5	2
22235	22235	VX	SFO	LAX	928	None	ON_TIME	SHORT_FLIGHT	AFTERNOON	AFTERNOON	5	2
24124	24124	WN	SFO	LAX	2687	None	SMALL_DELAY	SHORT_FLIGHT	AFTERNOON	AFTERNOON	5	2
24174	24174	UA	SFO	LAX	390	None	ON_TIME	SHORT_FLIGHT	AFTERNOON	AFTERNOON	5	2
24433	24433	VX	SFO	LAX	932	None	ON_TIME	SHORT_FLIGHT	AFTERNOON	AFTERNOON	5	2
25013	25013	VX	SFO	LAX	936	None	ON_TIME	SHORT_FLIGHT	AFTERNOON	AFTERNOON	5	2
25275	25275	WN	SFO	LAX	1276	None	ON_TIME	SHORT_FLIGHT	AFTERNOON	AFTERNOON	5	2
25312	25312	UA	SFO	LAX	1251	None	SMALL_DELAY	SHORT_FLIGHT	AFTERNOON	AFTERNOON	5	2
26764	26764	WN	SFO	LAX	1585	AIR_SYSTEM	ON_TIME	SHORT_FLIGHT	AFTERNOON	EVENING	5	2
27048	27048	AA	SFO	LAX	209	None	ON_TIME	SHORT_FLIGHT	EVENING	EVENING	5	2
27327	27327	UA	SFO	LAX	1676	None	ON_TIME	MID_FLIGHT	EVENING	EVENING	5	2
27500	27500	VX	SFO	LAX	938	LATE_AIRCRAFT	SMALL_DELAY	SHORT_FLIGHT	EVENING	EVENING	5	2
28209	28209	UA	SFO	LAX	1605	None	ON_TIME	SHORT_FLIGHT	EVENING	EVENING	5	2
28215	28215	VX	SFO	LAX	942	None	ON_TIME	SHORT_FLIGHT	EVENING	EVENING	5	2
28922	28922	WN	SFO	LAX	1454	None	ON_TIME	SHORT_FLIGHT	EVENING	EVENING	5	2
29082	29082	AA	SFO	LAX	219	AIR_SYSTEM	ON_TIME	SHORT_FLIGHT	EVENING	EVENING	5	2
29294	29294	VX	SFO	LAX	948	None	ON_TIME	SHORT_FLIGHT	EVENING	EVENING	5	2
30495	30495	UA	SFO	LAX	737	AIR_SYSTEM	ON_TIME	SHORT_FLIGHT	EVENING	NIGHT	5	2
31004	31004	UA	SFO	LAX	635	None	ON_TIME	SHORT_FLIGHT	MORNING	MORNING	6	3
31928	31928	VX	SFO	LAX	922	None	ON_TIME	SHORT_FLIGHT	MORNING	MORNING	6	3
32775	32775	AA	SFO	LAX	76	AIR_SYSTEM	ON_TIME	SHORT_FLIGHT	MORNING	MORNING	6	3
33096	33096	WN	SFO	LAX	2331	None	ON_TIME	SHORT_FLIGHT	MORNING	MORNING	6	3
33155	33155	VX	SFO	LAX	1930	None	ON_TIME	SHORT_FLIGHT	MORNING	MORNING	6	3
33559	33559	UA	SFO	LAX	479	None	ON_TIME	SHORT_FLIGHT	MORNING	MORNING	6	3
34330	34330	WN	SFO	LAX	920	None	ON_TIME	SHORT_FLIGHT	MORNING	MORNING	6	3
35156	35156	WN	SFO	LAX	1286	None	ON_TIME	SHORT_FLIGHT	MORNING	MORNING	6	3
35393	35393	UA	SFO	LAX	653	None	ON_TIME	MID_FLIGHT	MORNING	MORNING	6	3
36189	36189	UA	SFO	LAX	785	AIRLINE	SMALL_DELAY	MID_FLIGHT	MORNING	AFTERNOON	6	3
36274	36274	VX	SFO	LAX	330	None	ON_TIME	SHORT_FLIGHT	MORNING	AFTERNOON	6	3
36699	36699	WN	SFO	LAX	2509	None	ON_TIME	SHORT_FLIGHT	MORNING	AFTERNOON	6	3
37349	37349	AA	SFO	LAX	2378	AIR_SYSTEM	ON_TIME	SHORT_FLIGHT	AFTERNOON	AFTERNOON	6	3
37831	37831	WN	SFO	LAX	1098	AIR_SYSTEM	ON_TIME	SHORT_FLIGHT	AFTERNOON	AFTERNOON	6	3
37972	37972	UA	SFO	LAX	1159	None	SMALL_DELAY	MID_FLIGHT	AFTERNOON	AFTERNOON	6	3
38388	38388	VX	SFO	LAX	928	None	ON_TIME	SHORT_FLIGHT	AFTERNOON	AFTERNOON	6	3
40135	40135	WN	SFO	LAX	2687	None	ON_TIME	SHORT_FLIGHT	AFTERNOON	AFTERNOON	6	3
40407	40407	VX	SFO	LAX	932	None	ON_TIME	SHORT_FLIGHT	AFTERNOON	AFTERNOON	6	3
41088	41088	VX	SFO	LAX	936	None	ON_TIME	SHORT_FLIGHT	AFTERNOON	AFTERNOON	6	3
41172	41172	WN	SFO	LAX	1276	None	SMALL_DELAY	SHORT_FLIGHT	AFTERNOON	AFTERNOON	6	3
41379	41379	UA	SFO	LAX	769	None	ON_TIME	SHORT_FLIGHT	AFTERNOON	EVENING	6	3
42559	42559	WN	SFO	LAX	1585	None	ON_TIME	SHORT_FLIGHT	AFTERNOON	EVENING	6	3
42597	42597	UA	SFO	LAX	525	None	SMALL_DELAY	SHORT_FLIGHT	AFTERNOON	EVENING	6	3
42819	42819	AA	SFO	LAX	209	None	ON_TIME	SHORT_FLIGHT	EVENING	EVENING	6	3
43230	43230	VX	SFO	LAX	938	None	ON_TIME	SHORT_FLIGHT	EVENING	EVENING	6	3
43676	43676	UA	SFO	LAX	1124	AIRLINE	SMALL_DELAY	SHORT_FLIGHT	EVENING	EVENING	6	3
44679	44679	AA	SFO	LAX	219	None	ON_TIME	SHORT_FLIGHT	EVENING	EVENING	6	3
45951	45951	UA	SFO	LAX	568	AIRLINE	SMALL_DELAY	SHORT_FLIGHT	EVENING	NIGHT	6	3
46456	46456	UA	SFO	LAX	635	None	ON_TIME	SHORT_FLIGHT	MORNING	MORNING	7	4
47386	47386	VX	SFO	LAX	922	None	ON_TIME	SHORT_FLIGHT	MORNING	MORNING	7	4
48210	48210	AA	SFO	LAX	76	None	ON_TIME	SHORT_FLIGHT	MORNING	MORNING	7	4
48549	48549	WN	SFO	LAX	2331	None	ON_TIME	SHORT_FLIGHT	MORNING	MORNING	7	4
49091	49091	UA	SFO	LAX	479	AIR_SYSTEM	ON_TIME	SHORT_FLIGHT	MORNING	MORNING	7	4
49736	49736	AA	SFO	LAX	338	None	ON_TIME	SHORT_FLIGHT	MORNING	MORNING	7	4
49834	49834	WN	SFO	LAX	920	None	ON_TIME	SHORT_FLIGHT	MORNING	MORNING	7	4
50689	50689	WN	SFO	LAX	1286	None	ON_TIME	SHORT_FLIGHT	MORNING	MORNING	7	4
51363	51363	UA	SFO	LAX	1676	None	SMALL_DELAY	MID_FLIGHT	MORNING	AFTERNOON	7	4
51864	51864	VX	SFO	LAX	330	None	ON_TIME	SHORT_FLIGHT	MORNING	AFTERNOON	7	4
52315	52315	WN	SFO	LAX	2509	None	ON_TIME	SHORT_FLIGHT	MORNING	AFTERNOON	7	4
53002	53002	AA	SFO	LAX	2378	None	ON_TIME	SHORT_FLIGHT	AFTERNOON	AFTERNOON	7	4
53492	53492	UA	SFO	LAX	392	LATE_AIRCRAFT	LARGE_DELAY	MID_FLIGHT	AFTERNOON	AFTERNOON	7	4
53512	53512	WN	SFO	LAX	1098	None	ON_TIME	SHORT_FLIGHT	AFTERNOON	AFTERNOON	7	4
54094	54094	VX	SFO	LAX	928	None	ON_TIME	SHORT_FLIGHT	AFTERNOON	AFTERNOON	7	4
54486	54486	UA	SFO	LAX	706	None	SMALL_DELAY	SHORT_FLIGHT	AFTERNOON	AFTERNOON	7	4
55843	55843	UA	SFO	LAX	569	None	ON_TIME	SHORT_FLIGHT	AFTERNOON	AFTERNOON	7	4
55957	55957	WN	SFO	LAX	2687	None	ON_TIME	SHORT_FLIGHT	AFTERNOON	AFTERNOON	7	4
56263	56263	VX	SFO	LAX	932	None	SMALL_DELAY	SHORT_FLIGHT	AFTERNOON	AFTERNOON	7	4
56822	56822	VX	SFO	LAX	936	None	ON_TIME	SHORT_FLIGHT	AFTERNOON	AFTERNOON	7	4
57075	57075	WN	SFO	LAX	1276	None	ON_TIME	SHORT_FLIGHT	AFTERNOON	AFTERNOON	7	4
57221	57221	UA	SFO	LAX	653	None	ON_TIME	SHORT_FLIGHT	AFTERNOON	EVENING	7	4
58552	58552	WN	SFO	LAX	1585	None	ON_TIME	SHORT_FLIGHT	AFTERNOON	EVENING	7	4
58848	58848	AA	SFO	LAX	209	AIRLINE	LARGE_DELAY	SHORT_FLIGHT	EVENING	EVENING	7	4
59067	59067	UA	SFO	LAX	499	AIRLINE	SMALL_DELAY	SHORT_FLIGHT	EVENING	EVENING	7	4
59301	59301	VX	SFO	LAX	938	None	ON_TIME	SHORT_FLIGHT	EVENING	EVENING	7	4
60006	60006	VX	SFO	LAX	942	None	ON_TIME	SHORT_FLIGHT	EVENING	EVENING	7	4
60121	60121	UA	SFO	LAX	623	AIRLINE	MID_DELAY	SHORT_FLIGHT	EVENING	EVENING	7	4
60716	60716	WN	SFO	LAX	1454	None	SMALL_DELAY	SHORT_FLIGHT	EVENING	EVENING	7	4
60888	60888	AA	SFO	LAX	219	LATE_AIRCRAFT	SMALL_DELAY	SHORT_FLIGHT	EVENING	EVENING	7	4
61086	61086	VX	SFO	LAX	948	None	ON_TIME	SHORT_FLIGHT	EVENING	EVENING	7	4
62290	62290	UA	SFO	LAX	342	None	SMALL_DELAY	SHORT_FLIGHT	EVENING	NIGHT	7	4
62801	62801	UA	SFO	LAX	261	None	ON_TIME	SHORT_FLIGHT	MORNING	MORNING	1	5
62890	62890	WN	SFO	LAX	1456	None	ON_TIME	SHORT_FLIGHT	MORNING	MORNING	1	5
63832	63832	VX	SFO	LAX	922	None	ON_TIME	SHORT_FLIGHT	MORNING	MORNING	1	5
64720	64720	AA	SFO	LAX	76	None	ON_TIME	SHORT_FLIGHT	MORNING	MORNING	1	5
65076	65076	WN	SFO	LAX	2331	None	ON_TIME	SHORT_FLIGHT	MORNING	MORNING	1	5
65158	65158	VX	SFO	LAX	1930	AIR_SYSTEM	ON_TIME	SHORT_FLIGHT	MORNING	MORNING	1	5
66094	66094	UA	SFO	LAX	479	None	ON_TIME	SHORT_FLIGHT	MORNING	MORNING	1	5
66281	66281	AA	SFO	LAX	338	None	ON_TIME	SHORT_FLIGHT	MORNING	MORNING	1	5
66374	66374	WN	SFO	LAX	920	None	ON_TIME	SHORT_FLIGHT	MORNING	MORNING	1	5
67381	67381	WN	SFO	LAX	2346	None	ON_TIME	SHORT_FLIGHT	MORNING	MORNING	1	5
67522	67522	UA	SFO	LAX	814	None	ON_TIME	MID_FLIGHT	MORNING	MORNING	1	5
68388	68388	UA	SFO	LAX	531	None	ON_TIME	MID_FLIGHT	MORNING	AFTERNOON	1	5
68474	68474	VX	SFO	LAX	330	None	ON_TIME	SHORT_FLIGHT	MORNING	AFTERNOON	1	5
68932	68932	WN	SFO	LAX	2509	None	ON_TIME	SHORT_FLIGHT	MORNING	AFTERNOON	1	5
69509	69509	UA	SFO	LAX	698	None	ON_TIME	MID_FLIGHT	AFTERNOON	AFTERNOON	1	5
69622	69622	AA	SFO	LAX	2378	None	ON_TIME	SHORT_FLIGHT	AFTERNOON	AFTERNOON	1	5
70058	70058	WN	SFO	LAX	1098	None	ON_TIME	SHORT_FLIGHT	AFTERNOON	AFTERNOON	1	5
70733	70733	UA	SFO	LAX	1531	None	ON_TIME	MID_FLIGHT	AFTERNOON	AFTERNOON	1	5
70755	70755	VX	SFO	LAX	928	None	ON_TIME	SHORT_FLIGHT	AFTERNOON	AFTERNOON	1	5
72621	72621	WN	SFO	LAX	2687	None	ON_TIME	SHORT_FLIGHT	AFTERNOON	AFTERNOON	1	5
72680	72680	UA	SFO	LAX	390	None	ON_TIME	SHORT_FLIGHT	AFTERNOON	AFTERNOON	1	5
72948	72948	VX	SFO	LAX	932	None	SMALL_DELAY	SHORT_FLIGHT	AFTERNOON	AFTERNOON	1	5
73538	73538	VX	SFO	LAX	936	None	ON_TIME	SHORT_FLIGHT	AFTERNOON	AFTERNOON	1	5
73710	73710	WN	SFO	LAX	1276	None	ON_TIME	SHORT_FLIGHT	AFTERNOON	AFTERNOON	1	5
73817	73817	UA	SFO	LAX	1710	None	SMALL_DELAY	SHORT_FLIGHT	AFTERNOON	AFTERNOON	1	5
75275	75275	WN	SFO	LAX	1585	None	ON_TIME	SHORT_FLIGHT	AFTERNOON	EVENING	1	5
75562	75562	AA	SFO	LAX	209	None	ON_TIME	SHORT_FLIGHT	EVENING	EVENING	1	5
75829	75829	UA	SFO	LAX	1605	None	ON_TIME	MID_FLIGHT	EVENING	EVENING	1	5
76000	76000	VX	SFO	LAX	938	None	ON_TIME	SHORT_FLIGHT	EVENING	EVENING	1	5
76708	76708	VX	SFO	LAX	942	None	ON_TIME	SHORT_FLIGHT	EVENING	EVENING	1	5
76807	76807	UA	SFO	LAX	1676	LATE_AIRCRAFT	LARGE_DELAY	SHORT_FLIGHT	EVENING	EVENING	1	5
77366	77366	WN	SFO	LAX	1454	AIRLINE	MID_DELAY	SHORT_FLIGHT	EVENING	EVENING	1	5
77537	77537	AA	SFO	LAX	219	None	ON_TIME	SHORT_FLIGHT	EVENING	EVENING	1	5
78877	78877	UA	SFO	LAX	362	None	SMALL_DELAY	SHORT_FLIGHT	EVENING	NIGHT	1	5
79315	79315	UA	SFO	LAX	537	None	ON_TIME	MID_FLIGHT	MORNING	MORNING	2	6
79712	79712	WN	SFO	LAX	2077	None	ON_TIME	SHORT_FLIGHT	MORNING	MORNING	2	6
80300	80300	VX	SFO	LAX	922	None	ON_TIME	SHORT_FLIGHT	MORNING	MORNING	2	6
80776	80776	AA	SFO	LAX	1250	None	ON_TIME	SHORT_FLIGHT	MORNING	MORNING	2	6
81116	81116	UA	SFO	LAX	478	None	ON_TIME	MID_FLIGHT	MORNING	MORNING	2	6
81408	81408	WN	SFO	LAX	2063	None	ON_TIME	SHORT_FLIGHT	MORNING	MORNING	2	6
81708	81708	VX	SFO	LAX	334	None	ON_TIME	SHORT_FLIGHT	MORNING	MORNING	2	6
82081	82081	UA	SFO	LAX	1124	None	ON_TIME	SHORT_FLIGHT	MORNING	MORNING	2	6
82641	82641	WN	SFO	LAX	881	None	ON_TIME	SHORT_FLIGHT	MORNING	MORNING	2	6
82730	82730	AA	SFO	LAX	338	None	ON_TIME	SHORT_FLIGHT	MORNING	MORNING	2	6
83079	83079	UA	SFO	LAX	1136	None	ON_TIME	MID_FLIGHT	MORNING	MORNING	2	6
83788	83788	WN	SFO	LAX	553	None	ON_TIME	SHORT_FLIGHT	MORNING	MORNING	2	6
84295	84295	UA	SFO	LAX	1415	None	ON_TIME	MID_FLIGHT	MORNING	AFTERNOON	2	6
84717	84717	VX	SFO	LAX	330	None	ON_TIME	SHORT_FLIGHT	MORNING	AFTERNOON	2	6
85386	85386	WN	SFO	LAX	2241	None	ON_TIME	SHORT_FLIGHT	MORNING	AFTERNOON	2	6
85756	85756	UA	SFO	LAX	567	None	ON_TIME	MID_FLIGHT	AFTERNOON	AFTERNOON	2	6
86374	86374	AA	SFO	LAX	2378	None	ON_TIME	SHORT_FLIGHT	AFTERNOON	AFTERNOON	2	6
86477	86477	WN	SFO	LAX	879	None	ON_TIME	SHORT_FLIGHT	AFTERNOON	AFTERNOON	2	6
86907	86907	VX	SFO	LAX	928	None	ON_TIME	SHORT_FLIGHT	AFTERNOON	AFTERNOON	2	6
87980	87980	UA	SFO	LAX	769	None	ON_TIME	SHORT_FLIGHT	AFTERNOON	AFTERNOON	2	6
88135	88135	AA	SFO	LAX	1150	None	ON_TIME	SHORT_FLIGHT	AFTERNOON	AFTERNOON	2	6
88862	88862	VX	SFO	LAX	932	LATE_AIRCRAFT	SMALL_DELAY	SHORT_FLIGHT	AFTERNOON	AFTERNOON	2	6
88952	88952	UA	SFO	LAX	488	None	ON_TIME	SHORT_FLIGHT	AFTERNOON	AFTERNOON	2	6
89062	89062	WN	SFO	LAX	2419	None	ON_TIME	SHORT_FLIGHT	AFTERNOON	AFTERNOON	2	6
89530	89530	VX	SFO	LAX	936	None	ON_TIME	SHORT_FLIGHT	AFTERNOON	AFTERNOON	2	6
89902	89902	UA	SFO	LAX	499	None	ON_TIME	SHORT_FLIGHT	AFTERNOON	EVENING	2	6
90064	90064	WN	SFO	LAX	4211	None	ON_TIME	SHORT_FLIGHT	AFTERNOON	EVENING	2	6
90815	90815	VX	SFO	LAX	938	None	ON_TIME	SHORT_FLIGHT	AFTERNOON	EVENING	2	6
90888	90888	UA	SFO	LAX	525	None	ON_TIME	SHORT_FLIGHT	AFTERNOON	EVENING	2	6
91609	91609	WN	SFO	LAX	3323	None	ON_TIME	MID_FLIGHT	EVENING	EVENING	2	6
91793	91793	AA	SFO	LAX	209	None	ON_TIME	SHORT_FLIGHT	EVENING	EVENING	2	6
91945	91945	UA	SFO	LAX	1092	LATE_AIRCRAFT	LARGE_DELAY	SHORT_FLIGHT	EVENING	EVENING	2	6
91949	91949	VX	SFO	LAX	942	None	ON_TIME	SHORT_FLIGHT	EVENING	EVENING	2	6
92829	92829	UA	SFO	LAX	1676	LATE_AIRCRAFT	MID_DELAY	SHORT_FLIGHT	EVENING	EVENING	2	6
93404	93404	WN	SFO	LAX	4389	None	ON_TIME	SHORT_FLIGHT	EVENING	EVENING	2	6
93531	93531	VX	SFO	LAX	948	None	ON_TIME	SHORT_FLIGHT	EVENING	EVENING	2	6
93592	93592	AA	SFO	LAX	219	LATE_AIRCRAFT	LARGE_DELAY	SHORT_FLIGHT	EVENING	EVENING	2	6
94211	94211	UA	SFO	LAX	1251	None	SMALL_DELAY	SHORT_FLIGHT	EVENING	EVENING	2	6
94617	94617	UA	SFO	LAX	386	None	ON_TIME	MID_FLIGHT	MORNING	MORNING	3	7
95016	95016	WN	SFO	LAX	2077	AIRLINE	SMALL_DELAY	SHORT_FLIGHT	MORNING	MORNING	3	7
95373	95373	VX	SFO	LAX	922	None	ON_TIME	SHORT_FLIGHT	MORNING	MORNING	3	7
96060	96060	AA	SFO	LAX	1250	None	ON_TIME	SHORT_FLIGHT	MORNING	MORNING	3	7
96296	96296	UA	SFO	LAX	1296	None	ON_TIME	MID_FLIGHT	MORNING	MORNING	3	7
96686	96686	WN	SFO	LAX	2063	None	ON_TIME	SHORT_FLIGHT	MORNING	MORNING	3	7
96985	96985	VX	SFO	LAX	334	None	ON_TIME	SHORT_FLIGHT	MORNING	MORNING	3	7
97364	97364	UA	SFO	LAX	1499	None	ON_TIME	SHORT_FLIGHT	MORNING	MORNING	3	7
97924	97924	WN	SFO	LAX	881	None	ON_TIME	SHORT_FLIGHT	MORNING	MORNING	3	7
98008	98008	AA	SFO	LAX	338	AIRLINE	MID_DELAY	SHORT_FLIGHT	MORNING	MORNING	3	7
98493	98493	UA	SFO	LAX	814	None	ON_TIME	MID_FLIGHT	MORNING	MORNING	3	7
99079	99079	WN	SFO	LAX	553	None	ON_TIME	SHORT_FLIGHT	MORNING	MORNING	3	7
99577	99577	UA	SFO	LAX	1181	None	ON_TIME	MID_FLIGHT	MORNING	AFTERNOON	3	7
100009	100009	VX	SFO	LAX	330	None	ON_TIME	SHORT_FLIGHT	MORNING	AFTERNOON	3	7
100694	100694	WN	SFO	LAX	2241	None	ON_TIME	SHORT_FLIGHT	MORNING	AFTERNOON	3	7
101005	101005	UA	SFO	LAX	653	None	ON_TIME	MID_FLIGHT	AFTERNOON	AFTERNOON	3	7
101685	101685	AA	SFO	LAX	2378	None	ON_TIME	SHORT_FLIGHT	AFTERNOON	AFTERNOON	3	7
101785	101785	WN	SFO	LAX	879	None	ON_TIME	SHORT_FLIGHT	AFTERNOON	AFTERNOON	3	7
102227	102227	VX	SFO	LAX	928	None	ON_TIME	SHORT_FLIGHT	AFTERNOON	AFTERNOON	3	7
103308	103308	UA	SFO	LAX	1204	None	ON_TIME	SHORT_FLIGHT	AFTERNOON	AFTERNOON	3	7
103465	103465	AA	SFO	LAX	1150	None	ON_TIME	SHORT_FLIGHT	AFTERNOON	AFTERNOON	3	7
104196	104196	VX	SFO	LAX	932	None	ON_TIME	SHORT_FLIGHT	AFTERNOON	AFTERNOON	3	7
104393	104393	WN	SFO	LAX	2419	None	ON_TIME	SHORT_FLIGHT	AFTERNOON	AFTERNOON	3	7
104423	104423	UA	SFO	LAX	1124	LATE_AIRCRAFT	SMALL_DELAY	SHORT_FLIGHT	AFTERNOON	AFTERNOON	3	7
104874	104874	VX	SFO	LAX	936	None	ON_TIME	SHORT_FLIGHT	AFTERNOON	AFTERNOON	3	7
105258	105258	UA	SFO	LAX	769	None	ON_TIME	SHORT_FLIGHT	AFTERNOON	EVENING	3	7
105429	105429	WN	SFO	LAX	4211	None	ON_TIME	SHORT_FLIGHT	AFTERNOON	EVENING	3	7
106204	106204	VX	SFO	LAX	938	None	ON_TIME	SHORT_FLIGHT	AFTERNOON	EVENING	3	7
106283	106283	UA	SFO	LAX	1710	None	ON_TIME	SHORT_FLIGHT	AFTERNOON	EVENING	3	7
107012	107012	WN	SFO	LAX	3323	None	ON_TIME	MID_FLIGHT	EVENING	EVENING	3	7
107211	107211	AA	SFO	LAX	209	None	ON_TIME	SHORT_FLIGHT	EVENING	EVENING	3	7
107376	107376	UA	SFO	LAX	1676	None	ON_TIME	SHORT_FLIGHT	EVENING	EVENING	3	7
107379	107379	VX	SFO	LAX	942	None	ON_TIME	SHORT_FLIGHT	EVENING	EVENING	3	7
108306	108306	UA	SFO	LAX	1240	None	ON_TIME	SHORT_FLIGHT	EVENING	EVENING	3	7
108898	108898	WN	SFO	LAX	4389	None	ON_TIME	SHORT_FLIGHT	EVENING	EVENING	3	7
109024	109024	VX	SFO	LAX	948	None	ON_TIME	SHORT_FLIGHT	EVENING	EVENING	3	7
109087	109087	AA	SFO	LAX	219	None	ON_TIME	SHORT_FLIGHT	EVENING	EVENING	3	7
109765	109765	UA	SFO	LAX	1278	AIRLINE	SMALL_DELAY	SHORT_FLIGHT	EVENING	EVENING	3	7
110193	110193	UA	SFO	LAX	537	None	ON_TIME	MID_FLIGHT	MORNING	MORNING	4	8
110573	110573	WN	SFO	LAX	2077	None	ON_TIME	SHORT_FLIGHT	MORNING	MORNING	4	8
111163	111163	VX	SFO	LAX	922	None	ON_TIME	SHORT_FLIGHT	MORNING	MORNING	4	8
111645	111645	AA	SFO	LAX	1250	None	ON_TIME	SHORT_FLIGHT	MORNING	MORNING	4	8
111990	111990	UA	SFO	LAX	478	None	ON_TIME	MID_FLIGHT	MORNING	MORNING	4	8
112286	112286	WN	SFO	LAX	2063	None	ON_TIME	SHORT_FLIGHT	MORNING	MORNING	4	8
112593	112593	VX	SFO	LAX	334	None	ON_TIME	SHORT_FLIGHT	MORNING	MORNING	4	8
112992	112992	UA	SFO	LAX	1181	None	ON_TIME	SHORT_FLIGHT	MORNING	MORNING	4	8
113535	113535	WN	SFO	LAX	881	None	ON_TIME	SHORT_FLIGHT	MORNING	MORNING	4	8
113636	113636	AA	SFO	LAX	338	None	ON_TIME	SHORT_FLIGHT	MORNING	MORNING	4	8
114142	114142	UA	SFO	LAX	479	None	ON_TIME	MID_FLIGHT	MORNING	MORNING	4	8
114727	114727	WN	SFO	LAX	553	None	ON_TIME	SHORT_FLIGHT	MORNING	MORNING	4	8
115202	115202	UA	SFO	LAX	607	None	ON_TIME	MID_FLIGHT	MORNING	AFTERNOON	4	8
115702	115702	VX	SFO	LAX	330	None	ON_TIME	SHORT_FLIGHT	MORNING	AFTERNOON	4	8
116405	116405	WN	SFO	LAX	2241	None	ON_TIME	SHORT_FLIGHT	MORNING	AFTERNOON	4	8
116735	116735	UA	SFO	LAX	342	None	ON_TIME	MID_FLIGHT	AFTERNOON	AFTERNOON	4	8
117425	117425	AA	SFO	LAX	2378	None	ON_TIME	SHORT_FLIGHT	AFTERNOON	AFTERNOON	4	8
117971	117971	VX	SFO	LAX	928	None	ON_TIME	SHORT_FLIGHT	AFTERNOON	AFTERNOON	4	8
119084	119084	UA	SFO	LAX	569	None	ON_TIME	SHORT_FLIGHT	AFTERNOON	AFTERNOON	4	8
119245	119245	AA	SFO	LAX	1150	None	ON_TIME	SHORT_FLIGHT	AFTERNOON	AFTERNOON	4	8
120003	120003	VX	SFO	LAX	932	None	ON_TIME	SHORT_FLIGHT	AFTERNOON	AFTERNOON	4	8
120094	120094	UA	SFO	LAX	488	None	ON_TIME	SHORT_FLIGHT	AFTERNOON	AFTERNOON	4	8
120695	120695	VX	SFO	LAX	936	None	ON_TIME	SHORT_FLIGHT	AFTERNOON	AFTERNOON	4	8
121085	121085	UA	SFO	LAX	499	LATE_AIRCRAFT	MID_DELAY	SHORT_FLIGHT	AFTERNOON	EVENING	4	8
121262	121262	WN	SFO	LAX	4211	LATE_AIRCRAFT	LARGE_DELAY	SHORT_FLIGHT	AFTERNOON	EVENING	4	8
122036	122036	VX	SFO	LAX	938	None	ON_TIME	SHORT_FLIGHT	AFTERNOON	EVENING	4	8
122110	122110	UA	SFO	LAX	525	None	ON_TIME	SHORT_FLIGHT	AFTERNOON	EVENING	4	8
122873	122873	WN	SFO	LAX	3323	None	SMALL_DELAY	MID_FLIGHT	EVENING	EVENING	4	8
123082	123082	AA	SFO	LAX	209	AIRLINE	SMALL_DELAY	SHORT_FLIGHT	EVENING	EVENING	4	8
123243	123243	UA	SFO	LAX	1676	None	ON_TIME	SHORT_FLIGHT	EVENING	EVENING	4	8
123246	123246	VX	SFO	LAX	942	AIRLINE	SMALL_DELAY	SHORT_FLIGHT	EVENING	EVENING	4	8
124208	124208	UA	SFO	LAX	1429	None	ON_TIME	SHORT_FLIGHT	EVENING	EVENING	4	8
124859	124859	WN	SFO	LAX	4389	AIRLINE	MID_DELAY	SHORT_FLIGHT	EVENING	EVENING	4	8
124987	124987	VX	SFO	LAX	948	None	ON_TIME	SHORT_FLIGHT	EVENING	EVENING	4	8
125041	125041	AA	SFO	LAX	219	None	SMALL_DELAY	SHORT_FLIGHT	EVENING	EVENING	4	8
125750	125750	UA	SFO	LAX	1124	None	ON_TIME	SHORT_FLIGHT	EVENING	EVENING	4	8
126221	126221	UA	SFO	LAX	274	None	ON_TIME	MID_FLIGHT	MORNING	MORNING	5	9
127165	127165	VX	SFO	LAX	922	None	ON_TIME	SHORT_FLIGHT	MORNING	MORNING	5	9
127646	127646	AA	SFO	LAX	1250	None	ON_TIME	SHORT_FLIGHT	MORNING	MORNING	5	9
127985	127985	UA	SFO	LAX	478	AIRLINE	LARGE_DELAY	MID_FLIGHT	MORNING	MORNING	5	9
128291	128291	WN	SFO	LAX	2063	None	ON_TIME	SHORT_FLIGHT	MORNING	MORNING	5	9
128598	128598	VX	SFO	LAX	334	None	ON_TIME	SHORT_FLIGHT	MORNING	MORNING	5	9
128989	128989	UA	SFO	LAX	1235	LATE_AIRCRAFT	MID_DELAY	SHORT_FLIGHT	MORNING	MORNING	5	9
129542	129542	WN	SFO	LAX	881	None	ON_TIME	SHORT_FLIGHT	MORNING	MORNING	5	9
129641	129641	AA	SFO	LAX	338	None	ON_TIME	SHORT_FLIGHT	MORNING	MORNING	5	9
130150	130150	UA	SFO	LAX	479	None	ON_TIME	MID_FLIGHT	MORNING	MORNING	5	9
130743	130743	WN	SFO	LAX	553	None	ON_TIME	SHORT_FLIGHT	MORNING	MORNING	5	9
131210	131210	UA	SFO	LAX	653	None	SMALL_DELAY	MID_FLIGHT	MORNING	AFTERNOON	5	9
131710	131710	VX	SFO	LAX	330	None	ON_TIME	SHORT_FLIGHT	MORNING	AFTERNOON	5	9
132746	132746	UA	SFO	LAX	342	None	ON_TIME	MID_FLIGHT	AFTERNOON	AFTERNOON	5	9
133438	133438	AA	SFO	LAX	2378	None	ON_TIME	SHORT_FLIGHT	AFTERNOON	AFTERNOON	5	9
133535	133535	WN	SFO	LAX	879	None	ON_TIME	SHORT_FLIGHT	AFTERNOON	AFTERNOON	5	9
133976	133976	VX	SFO	LAX	928	None	ON_TIME	SHORT_FLIGHT	AFTERNOON	AFTERNOON	5	9
135085	135085	UA	SFO	LAX	1159	LATE_AIRCRAFT	MID_DELAY	SHORT_FLIGHT	AFTERNOON	AFTERNOON	5	9
135249	135249	AA	SFO	LAX	1150	None	ON_TIME	SHORT_FLIGHT	AFTERNOON	AFTERNOON	5	9
136002	136002	VX	SFO	LAX	932	None	ON_TIME	SHORT_FLIGHT	AFTERNOON	AFTERNOON	5	9
136095	136095	UA	SFO	LAX	488	None	ON_TIME	SHORT_FLIGHT	AFTERNOON	AFTERNOON	5	9
136205	136205	WN	SFO	LAX	2419	AIR_SYSTEM	ON_TIME	SHORT_FLIGHT	AFTERNOON	AFTERNOON	5	9
136694	136694	VX	SFO	LAX	936	None	ON_TIME	SHORT_FLIGHT	AFTERNOON	AFTERNOON	5	9
137087	137087	UA	SFO	LAX	499	None	ON_TIME	SHORT_FLIGHT	AFTERNOON	EVENING	5	9
138041	138041	VX	SFO	LAX	938	None	ON_TIME	SHORT_FLIGHT	AFTERNOON	EVENING	5	9
138115	138115	UA	SFO	LAX	525	None	ON_TIME	SHORT_FLIGHT	AFTERNOON	EVENING	5	9
138881	138881	WN	SFO	LAX	3323	None	ON_TIME	MID_FLIGHT	EVENING	EVENING	5	9
139089	139089	AA	SFO	LAX	209	None	ON_TIME	SHORT_FLIGHT	EVENING	EVENING	5	9
139248	139248	UA	SFO	LAX	1676	None	ON_TIME	SHORT_FLIGHT	EVENING	EVENING	5	9
139251	139251	VX	SFO	LAX	942	None	ON_TIME	SHORT_FLIGHT	EVENING	EVENING	5	9
140209	140209	UA	SFO	LAX	1429	None	ON_TIME	SHORT_FLIGHT	EVENING	EVENING	5	9
140861	140861	WN	SFO	LAX	4389	None	ON_TIME	SHORT_FLIGHT	EVENING	EVENING	5	9
140987	140987	VX	SFO	LAX	948	None	ON_TIME	SHORT_FLIGHT	EVENING	EVENING	5	9
141042	141042	AA	SFO	LAX	219	None	ON_TIME	SHORT_FLIGHT	EVENING	EVENING	5	9
141750	141750	UA	SFO	LAX	1124	None	ON_TIME	SHORT_FLIGHT	EVENING	EVENING	5	9
142166	142166	UA	SFO	LAX	1224	None	ON_TIME	MID_FLIGHT	MORNING	MORNING	6	10
142806	142806	WN	SFO	LAX	2671	None	ON_TIME	SHORT_FLIGHT	MORNING	MORNING	6	10
142883	142883	VX	SFO	LAX	922	None	ON_TIME	SHORT_FLIGHT	MORNING	MORNING	6	10
144082	144082	VX	SFO	LAX	334	AIR_SYSTEM	ON_TIME	SHORT_FLIGHT	MORNING	MORNING	6	10
144420	144420	UA	SFO	LAX	1745	None	ON_TIME	SHORT_FLIGHT	MORNING	MORNING	6	10
144907	144907	WN	SFO	LAX	3622	None	ON_TIME	SHORT_FLIGHT	MORNING	MORNING	6	10
144982	144982	AA	SFO	LAX	338	AIRLINE	SMALL_DELAY	SHORT_FLIGHT	MORNING	MORNING	6	10
145284	145284	UA	SFO	LAX	531	None	ON_TIME	MID_FLIGHT	MORNING	MORNING	6	10
146342	146342	UA	SFO	LAX	1274	None	SMALL_DELAY	MID_FLIGHT	MORNING	AFTERNOON	6	10
146656	146656	WN	SFO	LAX	3817	LATE_AIRCRAFT	MID_DELAY	SHORT_FLIGHT	MORNING	AFTERNOON	6	10
146708	146708	VX	SFO	LAX	330	None	ON_TIME	SHORT_FLIGHT	MORNING	AFTERNOON	6	10
148110	148110	WN	SFO	LAX	3627	None	ON_TIME	SHORT_FLIGHT	AFTERNOON	AFTERNOON	6	10
148188	148188	AA	SFO	LAX	2378	None	ON_TIME	SHORT_FLIGHT	AFTERNOON	AFTERNOON	6	10
148481	148481	UA	SFO	LAX	1761	None	ON_TIME	MID_FLIGHT	AFTERNOON	AFTERNOON	6	10
148921	148921	VX	SFO	LAX	928	None	SMALL_DELAY	SHORT_FLIGHT	AFTERNOON	AFTERNOON	6	10
149685	149685	AA	SFO	LAX	1150	None	ON_TIME	SHORT_FLIGHT	AFTERNOON	AFTERNOON	6	10
150081	150081	WN	SFO	LAX	2507	None	ON_TIME	SHORT_FLIGHT	AFTERNOON	AFTERNOON	6	10
150303	150303	VX	SFO	LAX	932	None	ON_TIME	SHORT_FLIGHT	AFTERNOON	AFTERNOON	6	10
150991	150991	VX	SFO	LAX	936	None	ON_TIME	SHORT_FLIGHT	AFTERNOON	AFTERNOON	6	10
151180	151180	UA	SFO	LAX	1635	AIRLINE	SMALL_DELAY	SHORT_FLIGHT	AFTERNOON	EVENING	6	10
151546	151546	WN	SFO	LAX	3628	None	ON_TIME	SHORT_FLIGHT	AFTERNOON	EVENING	6	10
152563	152563	AA	SFO	LAX	209	None	ON_TIME	SHORT_FLIGHT	EVENING	EVENING	6	10
152861	152861	WN	SFO	LAX	240	None	ON_TIME	SHORT_FLIGHT	EVENING	EVENING	6	10
153051	153051	VX	SFO	LAX	942	None	ON_TIME	SHORT_FLIGHT	EVENING	EVENING	6	10
153230	153230	UA	SFO	LAX	1676	AIR_SYSTEM	ON_TIME	SHORT_FLIGHT	EVENING	EVENING	6	10
153776	153776	AA	SFO	LAX	219	None	ON_TIME	SHORT_FLIGHT	EVENING	EVENING	6	10
154147	154147	UA	SFO	LAX	1660	None	ON_TIME	SHORT_FLIGHT	EVENING	EVENING	6	10
155371	155371	AA	SFO	LAX	1250	None	ON_TIME	SHORT_FLIGHT	MORNING	MORNING	7	11
155877	155877	UA	SFO	LAX	1297	AIR_SYSTEM	ON_TIME	MID_FLIGHT	MORNING	MORNING	7	11
156107	156107	VX	SFO	LAX	334	None	ON_TIME	SHORT_FLIGHT	MORNING	MORNING	7	11
156994	156994	AA	SFO	LAX	338	None	ON_TIME	SHORT_FLIGHT	MORNING	MORNING	7	11
157261	157261	UA	SFO	LAX	479	None	ON_TIME	MID_FLIGHT	MORNING	MORNING	7	11
157776	157776	VX	SFO	LAX	924	None	ON_TIME	SHORT_FLIGHT	MORNING	MORNING	7	11
157992	157992	WN	SFO	LAX	553	None	ON_TIME	SHORT_FLIGHT	MORNING	MORNING	7	11
158485	158485	UA	SFO	LAX	1196	LATE_AIRCRAFT	LARGE_DELAY	MID_FLIGHT	MORNING	AFTERNOON	7	11
158917	158917	VX	SFO	LAX	330	None	ON_TIME	SHORT_FLIGHT	MORNING	AFTERNOON	7	11
159588	159588	WN	SFO	LAX	2241	None	ON_TIME	SHORT_FLIGHT	MORNING	AFTERNOON	7	11
159910	159910	UA	SFO	LAX	342	None	ON_TIME	MID_FLIGHT	AFTERNOON	AFTERNOON	7	11
160590	160590	AA	SFO	LAX	2378	LATE_AIRCRAFT	SMALL_DELAY	SHORT_FLIGHT	AFTERNOON	AFTERNOON	7	11
160680	160680	WN	SFO	LAX	879	LATE_AIRCRAFT	LARGE_DELAY	SHORT_FLIGHT	AFTERNOON	AFTERNOON	7	11
160921	160921	UA	SFO	LAX	1761	AIRLINE	SMALL_DELAY	MID_FLIGHT	AFTERNOON	AFTERNOON	7	11
161127	161127	VX	SFO	LAX	928	None	ON_TIME	SHORT_FLIGHT	AFTERNOON	AFTERNOON	7	11
162146	162146	VX	SFO	LAX	1934	None	SMALL_DELAY	SHORT_FLIGHT	AFTERNOON	AFTERNOON	7	11
162220	162220	UA	SFO	LAX	207	None	SMALL_DELAY	SHORT_FLIGHT	AFTERNOON	AFTERNOON	7	11
162372	162372	AA	SFO	LAX	1150	LATE_AIRCRAFT	MID_DELAY	SHORT_FLIGHT	AFTERNOON	AFTERNOON	7	11
163129	163129	VX	SFO	LAX	932	LATE_AIRCRAFT	MID_DELAY	SHORT_FLIGHT	AFTERNOON	AFTERNOON	7	11
163296	163296	UA	SFO	LAX	1124	LATE_AIRCRAFT	LARGE_DELAY	SHORT_FLIGHT	AFTERNOON	AFTERNOON	7	11
163329	163329	WN	SFO	LAX	2419	LATE_AIRCRAFT	SMALL_DELAY	SHORT_FLIGHT	AFTERNOON	AFTERNOON	7	11
163811	163811	VX	SFO	LAX	936	None	ON_TIME	SHORT_FLIGHT	AFTERNOON	AFTERNOON	7	11
164369	164369	WN	SFO	LAX	4211	LATE_AIRCRAFT	LARGE_DELAY	SHORT_FLIGHT	AFTERNOON	EVENING	7	11
165142	165142	VX	SFO	LAX	938	None	ON_TIME	SHORT_FLIGHT	AFTERNOON	EVENING	7	11
165986	165986	WN	SFO	LAX	3323	LATE_AIRCRAFT	LARGE_DELAY	MID_FLIGHT	EVENING	EVENING	7	11
166190	166190	AA	SFO	LAX	209	LATE_AIRCRAFT	LARGE_DELAY	SHORT_FLIGHT	EVENING	EVENING	7	11
166352	166352	UA	SFO	LAX	1710	None	SMALL_DELAY	SHORT_FLIGHT	EVENING	EVENING	7	11
166355	166355	VX	SFO	LAX	942	None	ON_TIME	SHORT_FLIGHT	EVENING	EVENING	7	11
167310	167310	UA	SFO	LAX	1130	LATE_AIRCRAFT	LARGE_DELAY	SHORT_FLIGHT	EVENING	EVENING	7	11
167957	167957	WN	SFO	LAX	4389	LATE_AIRCRAFT	LARGE_DELAY	SHORT_FLIGHT	EVENING	EVENING	7	11
168088	168088	VX	SFO	LAX	948	None	ON_TIME	SHORT_FLIGHT	EVENING	EVENING	7	11
168140	168140	AA	SFO	LAX	219	LATE_AIRCRAFT	MID_DELAY	SHORT_FLIGHT	EVENING	EVENING	7	11
168851	168851	UA	SFO	LAX	1573	None	ON_TIME	SHORT_FLIGHT	EVENING	EVENING	7	11
169314	169314	UA	SFO	LAX	537	None	ON_TIME	MID_FLIGHT	MORNING	MORNING	1	12
169685	169685	WN	SFO	LAX	2077	None	ON_TIME	SHORT_FLIGHT	MORNING	MORNING	1	12
170288	170288	VX	SFO	LAX	922	None	ON_TIME	SHORT_FLIGHT	MORNING	MORNING	1	12
170772	170772	AA	SFO	LAX	1250	AIRLINE	SMALL_DELAY	SHORT_FLIGHT	MORNING	MORNING	1	12
171115	171115	UA	SFO	LAX	478	None	ON_TIME	MID_FLIGHT	MORNING	MORNING	1	12
171412	171412	WN	SFO	LAX	2063	None	ON_TIME	SHORT_FLIGHT	MORNING	MORNING	1	12
171730	171730	VX	SFO	LAX	334	AIR_SYSTEM	ON_TIME	SHORT_FLIGHT	MORNING	MORNING	1	12
172223	172223	UA	SFO	LAX	1181	LATE_AIRCRAFT	MID_DELAY	SHORT_FLIGHT	MORNING	MORNING	1	12
172677	172677	WN	SFO	LAX	881	None	ON_TIME	SHORT_FLIGHT	MORNING	MORNING	1	12
172787	172787	AA	SFO	LAX	338	None	ON_TIME	SHORT_FLIGHT	MORNING	MORNING	1	12
173298	173298	UA	SFO	LAX	479	None	ON_TIME	MID_FLIGHT	MORNING	MORNING	1	12
174363	174363	UA	SFO	LAX	356	LATE_AIRCRAFT	LARGE_DELAY	MID_FLIGHT	MORNING	AFTERNOON	1	12
174864	174864	VX	SFO	LAX	330	None	ON_TIME	SHORT_FLIGHT	MORNING	AFTERNOON	1	12
175574	175574	WN	SFO	LAX	2241	LATE_AIRCRAFT	LARGE_DELAY	SHORT_FLIGHT	MORNING	AFTERNOON	1	12
175918	175918	UA	SFO	LAX	342	None	ON_TIME	MID_FLIGHT	AFTERNOON	AFTERNOON	1	12
176610	176610	AA	SFO	LAX	2378	None	SMALL_DELAY	SHORT_FLIGHT	AFTERNOON	AFTERNOON	1	12
176952	176952	UA	SFO	LAX	569	LATE_AIRCRAFT	MID_DELAY	MID_FLIGHT	AFTERNOON	AFTERNOON	1	12
177154	177154	VX	SFO	LAX	928	None	ON_TIME	SHORT_FLIGHT	AFTERNOON	AFTERNOON	1	12
178268	178268	UA	SFO	LAX	769	LATE_AIRCRAFT	SMALL_DELAY	SHORT_FLIGHT	AFTERNOON	AFTERNOON	1	12
178429	178429	AA	SFO	LAX	1150	LATE_AIRCRAFT	SMALL_DELAY	SHORT_FLIGHT	AFTERNOON	AFTERNOON	1	12
179184	179184	VX	SFO	LAX	932	LATE_AIRCRAFT	MID_DELAY	SHORT_FLIGHT	AFTERNOON	AFTERNOON	1	12
179275	179275	UA	SFO	LAX	488	None	ON_TIME	SHORT_FLIGHT	AFTERNOON	AFTERNOON	1	12
179377	179377	WN	SFO	LAX	2419	LATE_AIRCRAFT	MID_DELAY	SHORT_FLIGHT	AFTERNOON	AFTERNOON	1	12
179878	179878	VX	SFO	LAX	936	LATE_AIRCRAFT	SMALL_DELAY	SHORT_FLIGHT	AFTERNOON	AFTERNOON	1	12
180275	180275	UA	SFO	LAX	499	None	ON_TIME	SHORT_FLIGHT	AFTERNOON	EVENING	1	12
180439	180439	WN	SFO	LAX	4211	None	ON_TIME	SHORT_FLIGHT	AFTERNOON	EVENING	1	12
181212	181212	VX	SFO	LAX	938	None	ON_TIME	SHORT_FLIGHT	AFTERNOON	EVENING	1	12
181288	181288	UA	SFO	LAX	525	LATE_AIRCRAFT	SMALL_DELAY	SHORT_FLIGHT	AFTERNOON	EVENING	1	12
182050	182050	WN	SFO	LAX	3323	None	ON_TIME	MID_FLIGHT	EVENING	EVENING	1	12
182257	182257	AA	SFO	LAX	209	None	ON_TIME	SHORT_FLIGHT	EVENING	EVENING	1	12
182411	182411	UA	SFO	LAX	1676	None	ON_TIME	SHORT_FLIGHT	EVENING	EVENING	1	12
182415	182415	VX	SFO	LAX	942	None	ON_TIME	SHORT_FLIGHT	EVENING	EVENING	1	12
183400	183400	UA	SFO	LAX	1251	None	ON_TIME	SHORT_FLIGHT	EVENING	EVENING	1	12
183957	183957	WN	SFO	LAX	4389	None	ON_TIME	SHORT_FLIGHT	EVENING	EVENING	1	12
184088	184088	VX	SFO	LAX	948	LATE_AIRCRAFT	SMALL_DELAY	SHORT_FLIGHT	EVENING	EVENING	1	12
184141	184141	AA	SFO	LAX	219	None	ON_TIME	SHORT_FLIGHT	EVENING	EVENING	1	12
184762	184762	UA	SFO	LAX	1705	None	ON_TIME	SHORT_FLIGHT	EVENING	EVENING	1	12
185500	185500	UA	SFO	LAX	1194	None	ON_TIME	MID_FLIGHT	MORNING	MORNING	2	13
185561	185561	WN	SFO	LAX	2077	None	ON_TIME	SHORT_FLIGHT	MORNING	MORNING	2	13
186126	186126	VX	SFO	LAX	922	None	ON_TIME	SHORT_FLIGHT	MORNING	MORNING	2	13
186601	186601	AA	SFO	LAX	1250	None	ON_TIME	SHORT_FLIGHT	MORNING	MORNING	2	13
187015	187015	UA	SFO	LAX	1296	None	ON_TIME	MID_FLIGHT	MORNING	MORNING	2	13
187228	187228	WN	SFO	LAX	2063	None	ON_TIME	SHORT_FLIGHT	MORNING	MORNING	2	13
187521	187521	VX	SFO	LAX	334	None	ON_TIME	SHORT_FLIGHT	MORNING	MORNING	2	13
187994	187994	UA	SFO	LAX	479	AIR_SYSTEM	ON_TIME	SHORT_FLIGHT	MORNING	MORNING	2	13
188460	188460	WN	SFO	LAX	881	None	ON_TIME	SHORT_FLIGHT	MORNING	MORNING	2	13
188551	188551	AA	SFO	LAX	338	None	ON_TIME	SHORT_FLIGHT	MORNING	MORNING	2	13
189098	189098	UA	SFO	LAX	814	None	ON_TIME	MID_FLIGHT	MORNING	MORNING	2	13
190118	190118	UA	SFO	LAX	1124	None	ON_TIME	MID_FLIGHT	MORNING	AFTERNOON	2	13
190538	190538	VX	SFO	LAX	330	None	ON_TIME	SHORT_FLIGHT	MORNING	AFTERNOON	2	13
191210	191210	WN	SFO	LAX	2241	LATE_AIRCRAFT	SMALL_DELAY	SHORT_FLIGHT	MORNING	AFTERNOON	2	13
191522	191522	UA	SFO	LAX	1703	None	ON_TIME	MID_FLIGHT	AFTERNOON	AFTERNOON	2	13
192195	192195	AA	SFO	LAX	2378	None	ON_TIME	SHORT_FLIGHT	AFTERNOON	AFTERNOON	2	13
192292	192292	WN	SFO	LAX	879	None	ON_TIME	SHORT_FLIGHT	AFTERNOON	AFTERNOON	2	13
192634	192634	UA	SFO	LAX	569	None	ON_TIME	MID_FLIGHT	AFTERNOON	AFTERNOON	2	13
192735	192735	VX	SFO	LAX	928	None	ON_TIME	SHORT_FLIGHT	AFTERNOON	AFTERNOON	2	13
193813	193813	UA	SFO	LAX	1070	None	ON_TIME	SHORT_FLIGHT	AFTERNOON	AFTERNOON	2	13
193960	193960	AA	SFO	LAX	1150	None	ON_TIME	SHORT_FLIGHT	AFTERNOON	AFTERNOON	2	13
194690	194690	VX	SFO	LAX	932	None	ON_TIME	SHORT_FLIGHT	AFTERNOON	AFTERNOON	2	13
194835	194835	UA	SFO	LAX	1172	None	ON_TIME	SHORT_FLIGHT	AFTERNOON	AFTERNOON	2	13
194881	194881	WN	SFO	LAX	2419	None	ON_TIME	SHORT_FLIGHT	AFTERNOON	AFTERNOON	2	13
195347	195347	VX	SFO	LAX	936	None	ON_TIME	SHORT_FLIGHT	AFTERNOON	AFTERNOON	2	13
195768	195768	UA	SFO	LAX	769	LATE_AIRCRAFT	SMALL_DELAY	SHORT_FLIGHT	AFTERNOON	EVENING	2	13
195882	195882	WN	SFO	LAX	4211	None	ON_TIME	SHORT_FLIGHT	AFTERNOON	EVENING	2	13
196629	196629	VX	SFO	LAX	938	None	ON_TIME	SHORT_FLIGHT	AFTERNOON	EVENING	2	13
196709	196709	UA	SFO	LAX	1710	None	ON_TIME	SHORT_FLIGHT	AFTERNOON	EVENING	2	13
197422	197422	WN	SFO	LAX	3323	None	ON_TIME	MID_FLIGHT	EVENING	EVENING	2	13
197613	197613	AA	SFO	LAX	209	None	ON_TIME	SHORT_FLIGHT	EVENING	EVENING	2	13
197762	197762	UA	SFO	LAX	1676	None	ON_TIME	SHORT_FLIGHT	EVENING	EVENING	2	13
197765	197765	VX	SFO	LAX	942	None	ON_TIME	SHORT_FLIGHT	EVENING	EVENING	2	13
198637	198637	UA	SFO	LAX	1636	None	ON_TIME	SHORT_FLIGHT	EVENING	EVENING	2	13
199202	199202	WN	SFO	LAX	4389	None	ON_TIME	SHORT_FLIGHT	EVENING	EVENING	2	13
199326	199326	VX	SFO	LAX	948	None	ON_TIME	SHORT_FLIGHT	EVENING	EVENING	2	13
199388	199388	AA	SFO	LAX	219	None	ON_TIME	SHORT_FLIGHT	EVENING	EVENING	2	13
199980	199980	UA	SFO	LAX	1251	None	ON_TIME	SHORT_FLIGHT	EVENING	EVENING	2	13
200706	200706	UA	SFO	LAX	1296	None	ON_TIME	MID_FLIGHT	MORNING	MORNING	3	14
200746	200746	WN	SFO	LAX	2077	None	ON_TIME	SHORT_FLIGHT	MORNING	MORNING	3	14
201092	201092	VX	SFO	LAX	922	None	ON_TIME	SHORT_FLIGHT	MORNING	MORNING	3	14
201778	201778	AA	SFO	LAX	1250	None	ON_TIME	SHORT_FLIGHT	MORNING	MORNING	3	14
202020	202020	UA	SFO	LAX	1059	AIR_SYSTEM	ON_TIME	MID_FLIGHT	MORNING	MORNING	3	14
202409	202409	WN	SFO	LAX	2063	None	ON_TIME	SHORT_FLIGHT	MORNING	MORNING	3	14
202697	202697	VX	SFO	LAX	334	None	ON_TIME	SHORT_FLIGHT	MORNING	MORNING	3	14
203090	203090	UA	SFO	LAX	1181	None	ON_TIME	SHORT_FLIGHT	MORNING	MORNING	3	14
203641	203641	WN	SFO	LAX	881	None	ON_TIME	SHORT_FLIGHT	MORNING	MORNING	3	14
203724	203724	AA	SFO	LAX	338	None	ON_TIME	SHORT_FLIGHT	MORNING	MORNING	3	14
204226	204226	UA	SFO	LAX	814	None	ON_TIME	MID_FLIGHT	MORNING	MORNING	3	14
204794	204794	WN	SFO	LAX	553	None	ON_TIME	SHORT_FLIGHT	MORNING	MORNING	3	14
205248	205248	UA	SFO	LAX	1165	None	ON_TIME	MID_FLIGHT	MORNING	AFTERNOON	3	14
205734	205734	VX	SFO	LAX	330	None	ON_TIME	SHORT_FLIGHT	MORNING	AFTERNOON	3	14
206418	206418	WN	SFO	LAX	2241	None	ON_TIME	SHORT_FLIGHT	MORNING	AFTERNOON	3	14
206772	206772	UA	SFO	LAX	653	None	ON_TIME	MID_FLIGHT	AFTERNOON	AFTERNOON	3	14
207415	207415	AA	SFO	LAX	2378	None	ON_TIME	SHORT_FLIGHT	AFTERNOON	AFTERNOON	3	14
207516	207516	WN	SFO	LAX	879	None	ON_TIME	SHORT_FLIGHT	AFTERNOON	AFTERNOON	3	14
207768	207768	UA	SFO	LAX	1429	None	ON_TIME	MID_FLIGHT	AFTERNOON	AFTERNOON	3	14
207970	207970	VX	SFO	LAX	928	None	ON_TIME	SHORT_FLIGHT	AFTERNOON	AFTERNOON	3	14
209047	209047	UA	SFO	LAX	1251	None	ON_TIME	SHORT_FLIGHT	AFTERNOON	AFTERNOON	3	14
209205	209205	AA	SFO	LAX	1150	None	ON_TIME	SHORT_FLIGHT	AFTERNOON	AFTERNOON	3	14
209932	209932	VX	SFO	LAX	932	None	ON_TIME	SHORT_FLIGHT	AFTERNOON	AFTERNOON	3	14
210125	210125	WN	SFO	LAX	2419	None	ON_TIME	SHORT_FLIGHT	AFTERNOON	AFTERNOON	3	14
210159	210159	UA	SFO	LAX	1094	None	ON_TIME	SHORT_FLIGHT	AFTERNOON	AFTERNOON	3	14
210615	210615	VX	SFO	LAX	936	None	ON_TIME	SHORT_FLIGHT	AFTERNOON	AFTERNOON	3	14
211007	211007	UA	SFO	LAX	769	None	ON_TIME	SHORT_FLIGHT	AFTERNOON	EVENING	3	14
211168	211168	WN	SFO	LAX	4211	None	ON_TIME	SHORT_FLIGHT	AFTERNOON	EVENING	3	14
211933	211933	VX	SFO	LAX	938	None	ON_TIME	SHORT_FLIGHT	AFTERNOON	EVENING	3	14
212023	212023	UA	SFO	LAX	1710	None	ON_TIME	SHORT_FLIGHT	AFTERNOON	EVENING	3	14
212750	212750	WN	SFO	LAX	3323	LATE_AIRCRAFT	SMALL_DELAY	MID_FLIGHT	EVENING	EVENING	3	14
212952	212952	AA	SFO	LAX	209	None	ON_TIME	SHORT_FLIGHT	EVENING	EVENING	3	14
213115	213115	VX	SFO	LAX	942	None	ON_TIME	SHORT_FLIGHT	EVENING	EVENING	3	14
213182	213182	UA	SFO	LAX	1676	None	ON_TIME	SHORT_FLIGHT	EVENING	EVENING	3	14
214046	214046	UA	SFO	LAX	1124	None	ON_TIME	SHORT_FLIGHT	EVENING	EVENING	3	14
214625	214625	WN	SFO	LAX	4389	None	ON_TIME	SHORT_FLIGHT	EVENING	EVENING	3	14
214754	214754	VX	SFO	LAX	948	None	ON_TIME	SHORT_FLIGHT	EVENING	EVENING	3	14
214818	214818	AA	SFO	LAX	219	None	ON_TIME	SHORT_FLIGHT	EVENING	EVENING	3	14
215472	215472	UA	SFO	LAX	1278	None	ON_TIME	SHORT_FLIGHT	EVENING	EVENING	3	14
216197	216197	UA	SFO	LAX	537	None	ON_TIME	MID_FLIGHT	MORNING	MORNING	4	15
216252	216252	WN	SFO	LAX	2077	None	ON_TIME	SHORT_FLIGHT	MORNING	MORNING	4	15
216835	216835	VX	SFO	LAX	922	None	ON_TIME	SHORT_FLIGHT	MORNING	MORNING	4	15
217321	217321	AA	SFO	LAX	1250	None	ON_TIME	SHORT_FLIGHT	MORNING	MORNING	4	15
217743	217743	UA	SFO	LAX	478	None	ON_TIME	MID_FLIGHT	MORNING	MORNING	4	15
218263	218263	VX	SFO	LAX	334	None	ON_TIME	SHORT_FLIGHT	MORNING	MORNING	4	15
218754	218754	UA	SFO	LAX	1181	AIR_SYSTEM	ON_TIME	SHORT_FLIGHT	MORNING	MORNING	4	15
219200	219200	WN	SFO	LAX	881	None	ON_TIME	SHORT_FLIGHT	MORNING	MORNING	4	15
219312	219312	AA	SFO	LAX	338	AIR_SYSTEM	ON_TIME	SHORT_FLIGHT	MORNING	MORNING	4	15
219888	219888	UA	SFO	LAX	479	None	ON_TIME	MID_FLIGHT	MORNING	MORNING	4	15
220935	220935	UA	SFO	LAX	670	LATE_AIRCRAFT	MID_DELAY	MID_FLIGHT	MORNING	AFTERNOON	4	15
221388	221388	VX	SFO	LAX	330	None	ON_TIME	SHORT_FLIGHT	MORNING	AFTERNOON	4	15
222099	222099	WN	SFO	LAX	2241	LATE_AIRCRAFT	MID_DELAY	SHORT_FLIGHT	MORNING	AFTERNOON	4	15
222479	222479	UA	SFO	LAX	342	None	SMALL_DELAY	MID_FLIGHT	AFTERNOON	AFTERNOON	4	15
223131	223131	AA	SFO	LAX	2378	LATE_AIRCRAFT	SMALL_DELAY	SHORT_FLIGHT	AFTERNOON	AFTERNOON	4	15
223217	223217	WN	SFO	LAX	879	None	ON_TIME	SHORT_FLIGHT	AFTERNOON	AFTERNOON	4	15
223484	223484	UA	SFO	LAX	392	LATE_AIRCRAFT	SMALL_DELAY	MID_FLIGHT	AFTERNOON	AFTERNOON	4	15
223682	223682	VX	SFO	LAX	928	None	ON_TIME	SHORT_FLIGHT	AFTERNOON	AFTERNOON	4	15
224810	224810	UA	SFO	LAX	769	None	SMALL_DELAY	SHORT_FLIGHT	AFTERNOON	AFTERNOON	4	15
224963	224963	AA	SFO	LAX	1150	None	ON_TIME	SHORT_FLIGHT	AFTERNOON	AFTERNOON	4	15
225718	225718	VX	SFO	LAX	932	LATE_AIRCRAFT	SMALL_DELAY	SHORT_FLIGHT	AFTERNOON	AFTERNOON	4	15
225877	225877	UA	SFO	LAX	488	None	ON_TIME	SHORT_FLIGHT	AFTERNOON	AFTERNOON	4	15
225909	225909	WN	SFO	LAX	2419	None	SMALL_DELAY	SHORT_FLIGHT	AFTERNOON	AFTERNOON	4	15
226413	226413	VX	SFO	LAX	936	None	ON_TIME	SHORT_FLIGHT	AFTERNOON	AFTERNOON	4	15
226869	226869	UA	SFO	LAX	499	None	ON_TIME	SHORT_FLIGHT	AFTERNOON	EVENING	4	15
226983	226983	WN	SFO	LAX	4211	None	ON_TIME	SHORT_FLIGHT	AFTERNOON	EVENING	4	15
227765	227765	VX	SFO	LAX	938	None	ON_TIME	SHORT_FLIGHT	AFTERNOON	EVENING	4	15
227856	227856	UA	SFO	LAX	525	None	ON_TIME	SHORT_FLIGHT	AFTERNOON	EVENING	4	15
228616	228616	WN	SFO	LAX	3323	LATE_AIRCRAFT	SMALL_DELAY	MID_FLIGHT	EVENING	EVENING	4	15
228825	228825	AA	SFO	LAX	209	None	ON_TIME	SHORT_FLIGHT	EVENING	EVENING	4	15
228987	228987	VX	SFO	LAX	942	None	ON_TIME	SHORT_FLIGHT	EVENING	EVENING	4	15
229054	229054	UA	SFO	LAX	1676	AIR_SYSTEM	ON_TIME	SHORT_FLIGHT	EVENING	EVENING	4	15
230008	230008	UA	SFO	LAX	1429	AIR_SYSTEM	ON_TIME	SHORT_FLIGHT	EVENING	EVENING	4	15
230591	230591	WN	SFO	LAX	4389	LATE_AIRCRAFT	LARGE_DELAY	SHORT_FLIGHT	EVENING	EVENING	4	15
230724	230724	VX	SFO	LAX	948	None	ON_TIME	SHORT_FLIGHT	EVENING	EVENING	4	15
230779	230779	AA	SFO	LAX	219	None	ON_TIME	SHORT_FLIGHT	EVENING	EVENING	4	15
231470	231470	UA	SFO	LAX	1705	None	ON_TIME	SHORT_FLIGHT	EVENING	EVENING	4	15
232225	232225	UA	SFO	LAX	537	None	ON_TIME	MID_FLIGHT	MORNING	MORNING	5	16
232296	232296	WN	SFO	LAX	2077	None	ON_TIME	SHORT_FLIGHT	MORNING	MORNING	5	16
232873	232873	VX	SFO	LAX	922	None	ON_TIME	SHORT_FLIGHT	MORNING	MORNING	5	16
233358	233358	AA	SFO	LAX	1250	None	ON_TIME	SHORT_FLIGHT	MORNING	MORNING	5	16
233782	233782	UA	SFO	LAX	478	None	ON_TIME	MID_FLIGHT	MORNING	MORNING	5	16
234309	234309	VX	SFO	LAX	334	None	ON_TIME	SHORT_FLIGHT	MORNING	MORNING	5	16
234797	234797	UA	SFO	LAX	1235	None	SMALL_DELAY	SHORT_FLIGHT	MORNING	MORNING	5	16
235269	235269	WN	SFO	LAX	881	None	ON_TIME	SHORT_FLIGHT	MORNING	MORNING	5	16
235366	235366	AA	SFO	LAX	338	AIRLINE	LARGE_DELAY	SHORT_FLIGHT	MORNING	MORNING	5	16
235939	235939	UA	SFO	LAX	479	None	ON_TIME	MID_FLIGHT	MORNING	MORNING	5	16
236470	236470	WN	SFO	LAX	553	None	SMALL_DELAY	SHORT_FLIGHT	MORNING	MORNING	5	16
236989	236989	UA	SFO	LAX	356	None	SMALL_DELAY	MID_FLIGHT	MORNING	AFTERNOON	5	16
237445	237445	VX	SFO	LAX	330	None	ON_TIME	SHORT_FLIGHT	MORNING	AFTERNOON	5	16
238530	238530	UA	SFO	LAX	342	LATE_AIRCRAFT	LARGE_DELAY	MID_FLIGHT	AFTERNOON	AFTERNOON	5	16
239186	239186	AA	SFO	LAX	2378	LATE_AIRCRAFT	SMALL_DELAY	SHORT_FLIGHT	AFTERNOON	AFTERNOON	5	16
239281	239281	WN	SFO	LAX	879	AIR_SYSTEM	SMALL_DELAY	SHORT_FLIGHT	AFTERNOON	AFTERNOON	5	16
239540	239540	UA	SFO	LAX	569	None	ON_TIME	MID_FLIGHT	AFTERNOON	AFTERNOON	5	16
239739	239739	VX	SFO	LAX	928	None	ON_TIME	SHORT_FLIGHT	AFTERNOON	AFTERNOON	5	16
240862	240862	UA	SFO	LAX	769	None	ON_TIME	SHORT_FLIGHT	AFTERNOON	AFTERNOON	5	16
241012	241012	AA	SFO	LAX	1150	None	SMALL_DELAY	SHORT_FLIGHT	AFTERNOON	AFTERNOON	5	16
241777	241777	VX	SFO	LAX	932	LATE_AIRCRAFT	MID_DELAY	SHORT_FLIGHT	AFTERNOON	AFTERNOON	5	16
241928	241928	UA	SFO	LAX	488	None	SMALL_DELAY	SHORT_FLIGHT	AFTERNOON	AFTERNOON	5	16
241971	241971	WN	SFO	LAX	2419	LATE_AIRCRAFT	SMALL_DELAY	SHORT_FLIGHT	AFTERNOON	AFTERNOON	5	16
242470	242470	VX	SFO	LAX	936	LATE_AIRCRAFT	SMALL_DELAY	SHORT_FLIGHT	AFTERNOON	AFTERNOON	5	16
242918	242918	UA	SFO	LAX	499	LATE_AIRCRAFT	MID_DELAY	SHORT_FLIGHT	AFTERNOON	EVENING	5	16
243039	243039	WN	SFO	LAX	4211	None	SMALL_DELAY	SHORT_FLIGHT	AFTERNOON	EVENING	5	16
243820	243820	VX	SFO	LAX	938	LATE_AIRCRAFT	MID_DELAY	SHORT_FLIGHT	AFTERNOON	EVENING	5	16
243908	243908	UA	SFO	LAX	525	AIR_SYSTEM	ON_TIME	SHORT_FLIGHT	AFTERNOON	EVENING	5	16
244673	244673	WN	SFO	LAX	3323	AIRLINE	LARGE_DELAY	MID_FLIGHT	EVENING	EVENING	5	16
244882	244882	AA	SFO	LAX	209	LATE_AIRCRAFT	SMALL_DELAY	SHORT_FLIGHT	EVENING	EVENING	5	16
245043	245043	VX	SFO	LAX	942	LATE_AIRCRAFT	SMALL_DELAY	SHORT_FLIGHT	EVENING	EVENING	5	16
245109	245109	UA	SFO	LAX	1676	None	ON_TIME	SHORT_FLIGHT	EVENING	EVENING	5	16
246064	246064	UA	SFO	LAX	1429	AIRLINE	MID_DELAY	SHORT_FLIGHT	EVENING	EVENING	5	16
246651	246651	WN	SFO	LAX	4389	LATE_AIRCRAFT	SMALL_DELAY	SHORT_FLIGHT	EVENING	EVENING	5	16
246783	246783	VX	SFO	LAX	948	None	ON_TIME	SHORT_FLIGHT	EVENING	EVENING	5	16
246839	246839	AA	SFO	LAX	219	None	ON_TIME	SHORT_FLIGHT	EVENING	EVENING	5	16
247533	247533	UA	SFO	LAX	1251	None	ON_TIME	SHORT_FLIGHT	EVENING	EVENING	5	16
248156	248156	UA	SFO	LAX	1276	None	ON_TIME	MID_FLIGHT	MORNING	MORNING	6	17
248546	248546	WN	SFO	LAX	2671	None	ON_TIME	SHORT_FLIGHT	MORNING	MORNING	6	17
248618	248618	VX	SFO	LAX	922	AIRLINE	MID_DELAY	SHORT_FLIGHT	MORNING	MORNING	6	17
249808	249808	VX	SFO	LAX	334	None	ON_TIME	SHORT_FLIGHT	MORNING	MORNING	6	17
250230	250230	UA	SFO	LAX	1745	None	ON_TIME	SHORT_FLIGHT	MORNING	MORNING	6	17
250627	250627	WN	SFO	LAX	3622	None	ON_TIME	SHORT_FLIGHT	MORNING	MORNING	6	17
250708	250708	AA	SFO	LAX	338	None	ON_TIME	SHORT_FLIGHT	MORNING	MORNING	6	17
251080	251080	UA	SFO	LAX	531	None	ON_TIME	MID_FLIGHT	MORNING	MORNING	6	17
252056	252056	UA	SFO	LAX	706	None	ON_TIME	MID_FLIGHT	MORNING	AFTERNOON	6	17
252363	252363	WN	SFO	LAX	3817	LATE_AIRCRAFT	SMALL_DELAY	SHORT_FLIGHT	MORNING	AFTERNOON	6	17
252413	252413	VX	SFO	LAX	330	None	ON_TIME	SHORT_FLIGHT	MORNING	AFTERNOON	6	17
253805	253805	WN	SFO	LAX	3627	LATE_AIRCRAFT	SMALL_DELAY	SHORT_FLIGHT	AFTERNOON	AFTERNOON	6	17
253886	253886	AA	SFO	LAX	2378	None	ON_TIME	SHORT_FLIGHT	AFTERNOON	AFTERNOON	6	17
254182	254182	UA	SFO	LAX	1740	None	ON_TIME	MID_FLIGHT	AFTERNOON	AFTERNOON	6	17
254610	254610	VX	SFO	LAX	928	AIRLINE	MID_DELAY	SHORT_FLIGHT	AFTERNOON	AFTERNOON	6	17
255351	255351	AA	SFO	LAX	1150	None	ON_TIME	SHORT_FLIGHT	AFTERNOON	AFTERNOON	6	17
255959	255959	VX	SFO	LAX	932	None	ON_TIME	SHORT_FLIGHT	AFTERNOON	AFTERNOON	6	17
256635	256635	VX	SFO	LAX	936	None	SMALL_DELAY	SHORT_FLIGHT	AFTERNOON	AFTERNOON	6	17
256859	256859	UA	SFO	LAX	1660	None	ON_TIME	SHORT_FLIGHT	AFTERNOON	EVENING	6	17
257165	257165	WN	SFO	LAX	3628	None	ON_TIME	SHORT_FLIGHT	AFTERNOON	EVENING	6	17
258149	258149	AA	SFO	LAX	209	None	ON_TIME	SHORT_FLIGHT	EVENING	EVENING	6	17
258431	258431	WN	SFO	LAX	240	AIRLINE	MID_DELAY	SHORT_FLIGHT	EVENING	EVENING	6	17
258612	258612	VX	SFO	LAX	942	None	ON_TIME	SHORT_FLIGHT	EVENING	EVENING	6	17
258834	258834	UA	SFO	LAX	1676	None	ON_TIME	SHORT_FLIGHT	EVENING	EVENING	6	17
259299	259299	WN	SFO	LAX	3630	None	ON_TIME	SHORT_FLIGHT	EVENING	EVENING	6	17
259316	259316	AA	SFO	LAX	219	AIRLINE	MID_DELAY	SHORT_FLIGHT	EVENING	EVENING	6	17
259661	259661	UA	SFO	LAX	1573	None	ON_TIME	SHORT_FLIGHT	EVENING	EVENING	6	17
260105	260105	UA	SFO	LAX	1296	None	ON_TIME	MID_FLIGHT	MORNING	MORNING	7	18
260768	260768	AA	SFO	LAX	1250	None	ON_TIME	SHORT_FLIGHT	MORNING	MORNING	7	18
261272	261272	UA	SFO	LAX	1124	None	ON_TIME	MID_FLIGHT	MORNING	MORNING	7	18
261474	261474	VX	SFO	LAX	334	None	ON_TIME	SHORT_FLIGHT	MORNING	MORNING	7	18
262332	262332	AA	SFO	LAX	338	LATE_AIRCRAFT	SMALL_DELAY	SHORT_FLIGHT	MORNING	MORNING	7	18
262591	262591	UA	SFO	LAX	479	None	ON_TIME	MID_FLIGHT	MORNING	MORNING	7	18
263096	263096	VX	SFO	LAX	924	None	ON_TIME	SHORT_FLIGHT	MORNING	MORNING	7	18
263290	263290	WN	SFO	LAX	553	None	ON_TIME	SHORT_FLIGHT	MORNING	MORNING	7	18
263734	263734	UA	SFO	LAX	706	None	ON_TIME	MID_FLIGHT	MORNING	AFTERNOON	7	18
264139	264139	VX	SFO	LAX	330	LATE_AIRCRAFT	MID_DELAY	SHORT_FLIGHT	MORNING	AFTERNOON	7	18
264811	264811	WN	SFO	LAX	2241	None	SMALL_DELAY	SHORT_FLIGHT	MORNING	AFTERNOON	7	18
265153	265153	UA	SFO	LAX	342	None	ON_TIME	MID_FLIGHT	AFTERNOON	AFTERNOON	7	18
265784	265784	AA	SFO	LAX	2378	LATE_AIRCRAFT	MID_DELAY	SHORT_FLIGHT	AFTERNOON	AFTERNOON	7	18
265873	265873	WN	SFO	LAX	879	LATE_AIRCRAFT	LARGE_DELAY	SHORT_FLIGHT	AFTERNOON	AFTERNOON	7	18
266111	266111	UA	SFO	LAX	541	AIRLINE	MID_DELAY	MID_FLIGHT	AFTERNOON	AFTERNOON	7	18
266306	266306	VX	SFO	LAX	928	None	ON_TIME	SHORT_FLIGHT	AFTERNOON	AFTERNOON	7	18
267251	267251	VX	SFO	LAX	1934	None	ON_TIME	SHORT_FLIGHT	AFTERNOON	AFTERNOON	7	18
267328	267328	UA	SFO	LAX	769	None	ON_TIME	SHORT_FLIGHT	AFTERNOON	AFTERNOON	7	18
267458	267458	AA	SFO	LAX	1150	LATE_AIRCRAFT	MID_DELAY	SHORT_FLIGHT	AFTERNOON	AFTERNOON	7	18
268160	268160	VX	SFO	LAX	932	None	SMALL_DELAY	SHORT_FLIGHT	AFTERNOON	AFTERNOON	7	18
268302	268302	UA	SFO	LAX	488	LATE_AIRCRAFT	SMALL_DELAY	SHORT_FLIGHT	AFTERNOON	AFTERNOON	7	18
268346	268346	WN	SFO	LAX	2419	LATE_AIRCRAFT	MID_DELAY	SHORT_FLIGHT	AFTERNOON	AFTERNOON	7	18
268800	268800	VX	SFO	LAX	936	LATE_AIRCRAFT	MID_DELAY	SHORT_FLIGHT	AFTERNOON	AFTERNOON	7	18
269210	269210	UA	SFO	LAX	1476	LATE_AIRCRAFT	MID_DELAY	SHORT_FLIGHT	AFTERNOON	EVENING	7	18
269322	269322	WN	SFO	LAX	4211	LATE_AIRCRAFT	LARGE_DELAY	SHORT_FLIGHT	AFTERNOON	EVENING	7	18
270031	270031	VX	SFO	LAX	938	None	ON_TIME	SHORT_FLIGHT	AFTERNOON	EVENING	7	18
270802	270802	WN	SFO	LAX	3323	None	ON_TIME	MID_FLIGHT	EVENING	EVENING	7	18
270980	270980	AA	SFO	LAX	209	LATE_AIRCRAFT	MID_DELAY	SHORT_FLIGHT	EVENING	EVENING	7	18
271122	271122	VX	SFO	LAX	942	None	ON_TIME	SHORT_FLIGHT	EVENING	EVENING	7	18
271185	271185	UA	SFO	LAX	1710	AIRLINE	MID_DELAY	SHORT_FLIGHT	EVENING	EVENING	7	18
272047	272047	UA	SFO	LAX	1130	None	ON_TIME	SHORT_FLIGHT	EVENING	EVENING	7	18
272657	272657	WN	SFO	LAX	4389	LATE_AIRCRAFT	MID_DELAY	SHORT_FLIGHT	EVENING	EVENING	7	18
272783	272783	VX	SFO	LAX	948	None	ON_TIME	SHORT_FLIGHT	EVENING	EVENING	7	18
272837	272837	AA	SFO	LAX	219	None	SMALL_DELAY	SHORT_FLIGHT	EVENING	EVENING	7	18
273112	273112	VX	SFO	LAX	1944	None	ON_TIME	SHORT_FLIGHT	EVENING	EVENING	7	18
273466	273466	UA	SFO	LAX	1573	AIRLINE	MID_DELAY	SHORT_FLIGHT	EVENING	EVENING	7	18
274275	274275	WN	SFO	LAX	2077	None	ON_TIME	SHORT_FLIGHT	MORNING	MORNING	1	19
274854	274854	VX	SFO	LAX	922	None	ON_TIME	SHORT_FLIGHT	MORNING	MORNING	1	19
275340	275340	AA	SFO	LAX	1250	LATE_AIRCRAFT	LARGE_DELAY	SHORT_FLIGHT	MORNING	MORNING	1	19
275754	275754	UA	SFO	LAX	261	None	ON_TIME	MID_FLIGHT	MORNING	MORNING	1	19
275974	275974	WN	SFO	LAX	2063	None	ON_TIME	SHORT_FLIGHT	MORNING	MORNING	1	19
276277	276277	VX	SFO	LAX	334	None	ON_TIME	SHORT_FLIGHT	MORNING	MORNING	1	19
276767	276767	UA	SFO	LAX	479	None	ON_TIME	SHORT_FLIGHT	MORNING	MORNING	1	19
277230	277230	WN	SFO	LAX	881	None	ON_TIME	SHORT_FLIGHT	MORNING	MORNING	1	19
277327	277327	AA	SFO	LAX	338	None	ON_TIME	SHORT_FLIGHT	MORNING	MORNING	1	19
277901	277901	UA	SFO	LAX	531	None	ON_TIME	MID_FLIGHT	MORNING	MORNING	1	19
278418	278418	WN	SFO	LAX	553	None	ON_TIME	SHORT_FLIGHT	MORNING	MORNING	1	19
278942	278942	UA	SFO	LAX	1253	None	ON_TIME	MID_FLIGHT	MORNING	AFTERNOON	1	19
279397	279397	VX	SFO	LAX	330	None	ON_TIME	SHORT_FLIGHT	MORNING	AFTERNOON	1	19
280102	280102	WN	SFO	LAX	2241	None	ON_TIME	SHORT_FLIGHT	MORNING	AFTERNOON	1	19
280479	280479	UA	SFO	LAX	342	LATE_AIRCRAFT	MID_DELAY	MID_FLIGHT	AFTERNOON	AFTERNOON	1	19
281127	281127	AA	SFO	LAX	2378	LATE_AIRCRAFT	MID_DELAY	SHORT_FLIGHT	AFTERNOON	AFTERNOON	1	19
281216	281216	WN	SFO	LAX	879	None	ON_TIME	SHORT_FLIGHT	AFTERNOON	AFTERNOON	1	19
281471	281471	UA	SFO	LAX	698	None	ON_TIME	MID_FLIGHT	AFTERNOON	AFTERNOON	1	19
281669	281669	VX	SFO	LAX	928	None	ON_TIME	SHORT_FLIGHT	AFTERNOON	AFTERNOON	1	19
282935	282935	AA	SFO	LAX	1150	None	SMALL_DELAY	SHORT_FLIGHT	AFTERNOON	AFTERNOON	1	19
283685	283685	VX	SFO	LAX	932	AIRLINE	SMALL_DELAY	SHORT_FLIGHT	AFTERNOON	AFTERNOON	1	19
283833	283833	UA	SFO	LAX	488	None	ON_TIME	SHORT_FLIGHT	AFTERNOON	AFTERNOON	1	19
283879	283879	WN	SFO	LAX	2419	AIRLINE	SMALL_DELAY	SHORT_FLIGHT	AFTERNOON	AFTERNOON	1	19
284383	284383	VX	SFO	LAX	936	None	ON_TIME	SHORT_FLIGHT	AFTERNOON	AFTERNOON	1	19
284828	284828	UA	SFO	LAX	769	None	ON_TIME	SHORT_FLIGHT	AFTERNOON	EVENING	1	19
284947	284947	WN	SFO	LAX	4211	None	ON_TIME	SHORT_FLIGHT	AFTERNOON	EVENING	1	19
285714	285714	VX	SFO	LAX	938	None	ON_TIME	SHORT_FLIGHT	AFTERNOON	EVENING	1	19
285800	285800	UA	SFO	LAX	1562	None	ON_TIME	SHORT_FLIGHT	AFTERNOON	EVENING	1	19
286553	286553	WN	SFO	LAX	3323	None	ON_TIME	MID_FLIGHT	EVENING	EVENING	1	19
286754	286754	AA	SFO	LAX	209	LATE_AIRCRAFT	SMALL_DELAY	SHORT_FLIGHT	EVENING	EVENING	1	19
286913	286913	VX	SFO	LAX	942	None	ON_TIME	SHORT_FLIGHT	EVENING	EVENING	1	19
286977	286977	UA	SFO	LAX	1251	None	ON_TIME	SHORT_FLIGHT	EVENING	EVENING	1	19
287911	287911	UA	SFO	LAX	1676	None	ON_TIME	SHORT_FLIGHT	EVENING	EVENING	1	19
288482	288482	WN	SFO	LAX	4389	None	SMALL_DELAY	SHORT_FLIGHT	EVENING	EVENING	1	19
288613	288613	VX	SFO	LAX	948	None	ON_TIME	SHORT_FLIGHT	EVENING	EVENING	1	19
288668	288668	AA	SFO	LAX	219	None	ON_TIME	SHORT_FLIGHT	EVENING	EVENING	1	19
289318	289318	UA	SFO	LAX	1124	None	ON_TIME	SHORT_FLIGHT	EVENING	EVENING	1	19
290037	290037	UA	SFO	LAX	478	None	ON_TIME	MID_FLIGHT	MORNING	MORNING	2	20
290100	290100	WN	SFO	LAX	2077	None	ON_TIME	SHORT_FLIGHT	MORNING	MORNING	2	20
290684	290684	VX	SFO	LAX	922	None	ON_TIME	SHORT_FLIGHT	MORNING	MORNING	2	20
291161	291161	AA	SFO	LAX	1250	None	ON_TIME	SHORT_FLIGHT	MORNING	MORNING	2	20
291573	291573	UA	SFO	LAX	1296	None	ON_TIME	MID_FLIGHT	MORNING	MORNING	2	20
292079	292079	VX	SFO	LAX	334	AIR_SYSTEM	ON_TIME	SHORT_FLIGHT	MORNING	MORNING	2	20
292544	292544	UA	SFO	LAX	479	None	ON_TIME	SHORT_FLIGHT	MORNING	MORNING	2	20
293001	293001	WN	SFO	LAX	881	None	ON_TIME	SHORT_FLIGHT	MORNING	MORNING	2	20
293111	293111	AA	SFO	LAX	338	None	ON_TIME	SHORT_FLIGHT	MORNING	MORNING	2	20
293659	293659	UA	SFO	LAX	814	None	ON_TIME	MID_FLIGHT	MORNING	MORNING	2	20
294158	294158	WN	SFO	LAX	553	AIR_SYSTEM	SMALL_DELAY	SHORT_FLIGHT	MORNING	MORNING	2	20
294679	294679	UA	SFO	LAX	1172	LATE_AIRCRAFT	SMALL_DELAY	MID_FLIGHT	MORNING	AFTERNOON	2	20
295103	295103	VX	SFO	LAX	330	None	ON_TIME	SHORT_FLIGHT	MORNING	AFTERNOON	2	20
296122	296122	UA	SFO	LAX	1703	LATE_AIRCRAFT	SMALL_DELAY	MID_FLIGHT	AFTERNOON	AFTERNOON	2	20
296756	296756	AA	SFO	LAX	2378	LATE_AIRCRAFT	MID_DELAY	SHORT_FLIGHT	AFTERNOON	AFTERNOON	2	20
296840	296840	WN	SFO	LAX	879	None	ON_TIME	SHORT_FLIGHT	AFTERNOON	AFTERNOON	2	20
297191	297191	UA	SFO	LAX	1429	LATE_AIRCRAFT	MID_DELAY	MID_FLIGHT	AFTERNOON	AFTERNOON	2	20
297295	297295	VX	SFO	LAX	928	None	ON_TIME	SHORT_FLIGHT	AFTERNOON	AFTERNOON	2	20
298375	298375	UA	SFO	LAX	1124	None	ON_TIME	SHORT_FLIGHT	AFTERNOON	AFTERNOON	2	20
298523	298523	AA	SFO	LAX	1150	None	ON_TIME	SHORT_FLIGHT	AFTERNOON	AFTERNOON	2	20
299252	299252	VX	SFO	LAX	932	None	ON_TIME	SHORT_FLIGHT	AFTERNOON	AFTERNOON	2	20
299395	299395	UA	SFO	LAX	1527	LATE_AIRCRAFT	MID_DELAY	SHORT_FLIGHT	AFTERNOON	AFTERNOON	2	20
299434	299434	WN	SFO	LAX	2419	None	ON_TIME	SHORT_FLIGHT	AFTERNOON	AFTERNOON	2	20
299905	299905	VX	SFO	LAX	936	None	ON_TIME	SHORT_FLIGHT	AFTERNOON	AFTERNOON	2	20
300329	300329	UA	SFO	LAX	769	None	ON_TIME	SHORT_FLIGHT	AFTERNOON	EVENING	2	20
300437	300437	WN	SFO	LAX	4211	None	ON_TIME	SHORT_FLIGHT	AFTERNOON	EVENING	2	20
301194	301194	VX	SFO	LAX	938	None	ON_TIME	SHORT_FLIGHT	AFTERNOON	EVENING	2	20
301285	301285	UA	SFO	LAX	1710	None	ON_TIME	SHORT_FLIGHT	AFTERNOON	EVENING	2	20
302170	302170	AA	SFO	LAX	209	LATE_AIRCRAFT	SMALL_DELAY	SHORT_FLIGHT	EVENING	EVENING	2	20
302323	302323	VX	SFO	LAX	942	None	ON_TIME	SHORT_FLIGHT	EVENING	EVENING	2	20
302384	302384	UA	SFO	LAX	1676	None	ON_TIME	SHORT_FLIGHT	EVENING	EVENING	2	20
303254	303254	UA	SFO	LAX	1665	None	ON_TIME	SHORT_FLIGHT	EVENING	EVENING	2	20
303760	303760	WN	SFO	LAX	4389	LATE_AIRCRAFT	MID_DELAY	SHORT_FLIGHT	EVENING	EVENING	2	20
303890	303890	VX	SFO	LAX	948	None	ON_TIME	SHORT_FLIGHT	EVENING	EVENING	2	20
303952	303952	AA	SFO	LAX	219	None	ON_TIME	SHORT_FLIGHT	EVENING	EVENING	2	20
304542	304542	UA	SFO	LAX	1251	None	ON_TIME	SHORT_FLIGHT	EVENING	EVENING	2	20
305233	305233	UA	SFO	LAX	1296	None	ON_TIME	MID_FLIGHT	MORNING	MORNING	3	21
305293	305293	WN	SFO	LAX	2077	None	ON_TIME	SHORT_FLIGHT	MORNING	MORNING	3	21
305656	305656	VX	SFO	LAX	922	None	ON_TIME	SHORT_FLIGHT	MORNING	MORNING	3	21
306347	306347	AA	SFO	LAX	1250	None	ON_TIME	SHORT_FLIGHT	MORNING	MORNING	3	21
306595	306595	UA	SFO	LAX	1146	None	ON_TIME	MID_FLIGHT	MORNING	MORNING	3	21
306968	306968	WN	SFO	LAX	2063	None	ON_TIME	SHORT_FLIGHT	MORNING	MORNING	3	21
307262	307262	VX	SFO	LAX	334	None	SMALL_DELAY	SHORT_FLIGHT	MORNING	MORNING	3	21
307730	307730	UA	SFO	LAX	1163	AIR_SYSTEM	ON_TIME	SHORT_FLIGHT	MORNING	MORNING	3	21
308190	308190	WN	SFO	LAX	881	None	ON_TIME	SHORT_FLIGHT	MORNING	MORNING	3	21
308294	308294	AA	SFO	LAX	338	None	ON_TIME	SHORT_FLIGHT	MORNING	MORNING	3	21
308849	308849	UA	SFO	LAX	814	None	ON_TIME	MID_FLIGHT	MORNING	MORNING	3	21
309354	309354	WN	SFO	LAX	553	None	ON_TIME	SHORT_FLIGHT	MORNING	MORNING	3	21
309882	309882	UA	SFO	LAX	1181	None	SMALL_DELAY	MID_FLIGHT	MORNING	AFTERNOON	3	21
310304	310304	VX	SFO	LAX	330	None	ON_TIME	SHORT_FLIGHT	MORNING	AFTERNOON	3	21
310980	310980	WN	SFO	LAX	2241	None	ON_TIME	SHORT_FLIGHT	MORNING	AFTERNOON	3	21
311350	311350	UA	SFO	LAX	653	None	ON_TIME	MID_FLIGHT	AFTERNOON	AFTERNOON	3	21
311984	311984	AA	SFO	LAX	2378	None	ON_TIME	SHORT_FLIGHT	AFTERNOON	AFTERNOON	3	21
312074	312074	WN	SFO	LAX	879	None	ON_TIME	SHORT_FLIGHT	AFTERNOON	AFTERNOON	3	21
312343	312343	UA	SFO	LAX	1281	None	ON_TIME	MID_FLIGHT	AFTERNOON	AFTERNOON	3	21
312540	312540	VX	SFO	LAX	928	None	ON_TIME	SHORT_FLIGHT	AFTERNOON	AFTERNOON	3	21
313623	313623	UA	SFO	LAX	1297	None	ON_TIME	SHORT_FLIGHT	AFTERNOON	AFTERNOON	3	21
313773	313773	AA	SFO	LAX	1150	None	ON_TIME	SHORT_FLIGHT	AFTERNOON	AFTERNOON	3	21
314503	314503	VX	SFO	LAX	932	None	ON_TIME	SHORT_FLIGHT	AFTERNOON	AFTERNOON	3	21
314682	314682	WN	SFO	LAX	2419	None	ON_TIME	SHORT_FLIGHT	AFTERNOON	AFTERNOON	3	21
314737	314737	UA	SFO	LAX	1094	None	ON_TIME	SHORT_FLIGHT	AFTERNOON	AFTERNOON	3	21
315186	315186	VX	SFO	LAX	936	None	ON_TIME	SHORT_FLIGHT	AFTERNOON	AFTERNOON	3	21
315621	315621	UA	SFO	LAX	769	None	ON_TIME	SHORT_FLIGHT	AFTERNOON	EVENING	3	21
315730	315730	WN	SFO	LAX	4211	None	ON_TIME	SHORT_FLIGHT	AFTERNOON	EVENING	3	21
316507	316507	VX	SFO	LAX	938	None	ON_TIME	SHORT_FLIGHT	AFTERNOON	EVENING	3	21
316596	316596	UA	SFO	LAX	1710	LATE_AIRCRAFT	SMALL_DELAY	SHORT_FLIGHT	AFTERNOON	EVENING	3	21
317317	317317	WN	SFO	LAX	3323	None	ON_TIME	MID_FLIGHT	EVENING	EVENING	3	21
317521	317521	AA	SFO	LAX	209	None	ON_TIME	SHORT_FLIGHT	EVENING	EVENING	3	21
317686	317686	VX	SFO	LAX	942	None	ON_TIME	SHORT_FLIGHT	EVENING	EVENING	3	21
317751	317751	UA	SFO	LAX	1676	None	ON_TIME	SHORT_FLIGHT	EVENING	EVENING	3	21
318669	318669	UA	SFO	LAX	1124	None	ON_TIME	SHORT_FLIGHT	EVENING	EVENING	3	21
319195	319195	WN	SFO	LAX	4389	None	ON_TIME	SHORT_FLIGHT	EVENING	EVENING	3	21
319329	319329	VX	SFO	LAX	948	None	ON_TIME	SHORT_FLIGHT	EVENING	EVENING	3	21
319393	319393	AA	SFO	LAX	219	None	ON_TIME	SHORT_FLIGHT	EVENING	EVENING	3	21
320041	320041	UA	SFO	LAX	1278	None	ON_TIME	SHORT_FLIGHT	EVENING	EVENING	3	21
320772	320772	UA	SFO	LAX	537	None	ON_TIME	MID_FLIGHT	MORNING	MORNING	4	22
320836	320836	WN	SFO	LAX	2077	None	ON_TIME	SHORT_FLIGHT	MORNING	MORNING	4	22
321406	321406	VX	SFO	LAX	922	None	ON_TIME	SHORT_FLIGHT	MORNING	MORNING	4	22
321894	321894	AA	SFO	LAX	1250	None	ON_TIME	SHORT_FLIGHT	MORNING	MORNING	4	22
322317	322317	UA	SFO	LAX	478	AIR_SYSTEM	ON_TIME	MID_FLIGHT	MORNING	MORNING	4	22
322533	322533	WN	SFO	LAX	2063	None	ON_TIME	SHORT_FLIGHT	MORNING	MORNING	4	22
322835	322835	VX	SFO	LAX	334	None	ON_TIME	SHORT_FLIGHT	MORNING	MORNING	4	22
323326	323326	UA	SFO	LAX	1429	None	ON_TIME	SHORT_FLIGHT	MORNING	MORNING	4	22
323789	323789	WN	SFO	LAX	881	AIR_SYSTEM	ON_TIME	SHORT_FLIGHT	MORNING	MORNING	4	22
323888	323888	AA	SFO	LAX	338	AIR_SYSTEM	ON_TIME	SHORT_FLIGHT	MORNING	MORNING	4	22
324462	324462	UA	SFO	LAX	479	None	ON_TIME	MID_FLIGHT	MORNING	MORNING	4	22
324989	324989	WN	SFO	LAX	553	WEATHER	MID_DELAY	SHORT_FLIGHT	MORNING	MORNING	4	22
325514	325514	UA	SFO	LAX	670	AIR_SYSTEM	ON_TIME	MID_FLIGHT	MORNING	AFTERNOON	4	22
325968	325968	VX	SFO	LAX	330	None	SMALL_DELAY	SHORT_FLIGHT	MORNING	AFTERNOON	4	22
326672	326672	WN	SFO	LAX	2241	LATE_AIRCRAFT	MID_DELAY	SHORT_FLIGHT	MORNING	AFTERNOON	4	22
327053	327053	UA	SFO	LAX	342	None	ON_TIME	MID_FLIGHT	AFTERNOON	AFTERNOON	4	22
327701	327701	AA	SFO	LAX	2378	LATE_AIRCRAFT	SMALL_DELAY	SHORT_FLIGHT	AFTERNOON	AFTERNOON	4	22
327791	327791	WN	SFO	LAX	879	None	SMALL_DELAY	SHORT_FLIGHT	AFTERNOON	AFTERNOON	4	22
328056	328056	UA	SFO	LAX	392	None	SMALL_DELAY	MID_FLIGHT	AFTERNOON	AFTERNOON	4	22
328260	328260	VX	SFO	LAX	928	LATE_AIRCRAFT	SMALL_DELAY	SHORT_FLIGHT	AFTERNOON	AFTERNOON	4	22
329379	329379	UA	SFO	LAX	769	None	ON_TIME	SHORT_FLIGHT	AFTERNOON	AFTERNOON	4	22
329530	329530	AA	SFO	LAX	1150	None	ON_TIME	SHORT_FLIGHT	AFTERNOON	AFTERNOON	4	22
330294	330294	VX	SFO	LAX	932	None	ON_TIME	SHORT_FLIGHT	AFTERNOON	AFTERNOON	4	22
330442	330442	UA	SFO	LAX	488	LATE_AIRCRAFT	SMALL_DELAY	SHORT_FLIGHT	AFTERNOON	AFTERNOON	4	22
330485	330485	WN	SFO	LAX	2419	LATE_AIRCRAFT	SMALL_DELAY	SHORT_FLIGHT	AFTERNOON	AFTERNOON	4	22
330987	330987	VX	SFO	LAX	936	None	ON_TIME	SHORT_FLIGHT	AFTERNOON	AFTERNOON	4	22
331438	331438	UA	SFO	LAX	499	AIRLINE	MID_DELAY	SHORT_FLIGHT	AFTERNOON	EVENING	4	22
331557	331557	WN	SFO	LAX	4211	None	ON_TIME	SHORT_FLIGHT	AFTERNOON	EVENING	4	22
332334	332334	VX	SFO	LAX	938	None	ON_TIME	SHORT_FLIGHT	AFTERNOON	EVENING	4	22
332422	332422	UA	SFO	LAX	525	None	SMALL_DELAY	SHORT_FLIGHT	AFTERNOON	EVENING	4	22
333185	333185	WN	SFO	LAX	3323	None	ON_TIME	MID_FLIGHT	EVENING	EVENING	4	22
333392	333392	AA	SFO	LAX	209	None	SMALL_DELAY	SHORT_FLIGHT	EVENING	EVENING	4	22
333555	333555	VX	SFO	LAX	942	None	ON_TIME	SHORT_FLIGHT	EVENING	EVENING	4	22
333620	333620	UA	SFO	LAX	1676	None	ON_TIME	SHORT_FLIGHT	EVENING	EVENING	4	22
334572	334572	UA	SFO	LAX	1251	None	ON_TIME	SHORT_FLIGHT	EVENING	EVENING	4	22
335161	335161	WN	SFO	LAX	4389	None	ON_TIME	SHORT_FLIGHT	EVENING	EVENING	4	22
335292	335292	VX	SFO	LAX	948	None	ON_TIME	SHORT_FLIGHT	EVENING	EVENING	4	22
335347	335347	AA	SFO	LAX	219	None	ON_TIME	SHORT_FLIGHT	EVENING	EVENING	4	22
336031	336031	UA	SFO	LAX	1705	None	ON_TIME	SHORT_FLIGHT	EVENING	EVENING	4	22
336782	336782	UA	SFO	LAX	537	None	ON_TIME	MID_FLIGHT	MORNING	MORNING	5	23
336841	336841	WN	SFO	LAX	2077	None	ON_TIME	SHORT_FLIGHT	MORNING	MORNING	5	23
337429	337429	VX	SFO	LAX	922	None	ON_TIME	SHORT_FLIGHT	MORNING	MORNING	5	23
337913	337913	AA	SFO	LAX	1250	None	ON_TIME	SHORT_FLIGHT	MORNING	MORNING	5	23
338333	338333	UA	SFO	LAX	478	None	ON_TIME	MID_FLIGHT	MORNING	MORNING	5	23
338860	338860	VX	SFO	LAX	334	None	ON_TIME	SHORT_FLIGHT	MORNING	MORNING	5	23
339355	339355	UA	SFO	LAX	1235	None	ON_TIME	SHORT_FLIGHT	MORNING	MORNING	5	23
339805	339805	WN	SFO	LAX	881	None	ON_TIME	SHORT_FLIGHT	MORNING	MORNING	5	23
339917	339917	AA	SFO	LAX	338	LATE_AIRCRAFT	MID_DELAY	SHORT_FLIGHT	MORNING	MORNING	5	23
340493	340493	UA	SFO	LAX	479	None	ON_TIME	MID_FLIGHT	MORNING	MORNING	5	23
341015	341015	WN	SFO	LAX	553	None	ON_TIME	SHORT_FLIGHT	MORNING	MORNING	5	23
341540	341540	UA	SFO	LAX	356	None	ON_TIME	MID_FLIGHT	MORNING	AFTERNOON	5	23
341997	341997	VX	SFO	LAX	330	None	ON_TIME	SHORT_FLIGHT	MORNING	AFTERNOON	5	23
343084	343084	UA	SFO	LAX	342	None	ON_TIME	MID_FLIGHT	AFTERNOON	AFTERNOON	5	23
343740	343740	AA	SFO	LAX	2378	None	ON_TIME	SHORT_FLIGHT	AFTERNOON	AFTERNOON	5	23
343828	343828	WN	SFO	LAX	879	None	ON_TIME	SHORT_FLIGHT	AFTERNOON	AFTERNOON	5	23
344093	344093	UA	SFO	LAX	392	None	ON_TIME	MID_FLIGHT	AFTERNOON	AFTERNOON	5	23
344296	344296	VX	SFO	LAX	928	None	ON_TIME	SHORT_FLIGHT	AFTERNOON	AFTERNOON	5	23
345563	345563	UA	SFO	LAX	769	None	ON_TIME	SHORT_FLIGHT	AFTERNOON	AFTERNOON	5	23
345564	345564	AA	SFO	LAX	1150	None	ON_TIME	SHORT_FLIGHT	AFTERNOON	AFTERNOON	5	23
346327	346327	VX	SFO	LAX	932	None	SMALL_DELAY	SHORT_FLIGHT	AFTERNOON	AFTERNOON	5	23
346477	346477	UA	SFO	LAX	488	None	ON_TIME	SHORT_FLIGHT	AFTERNOON	AFTERNOON	5	23
346520	346520	WN	SFO	LAX	2419	None	SMALL_DELAY	SHORT_FLIGHT	AFTERNOON	AFTERNOON	5	23
347025	347025	VX	SFO	LAX	936	None	ON_TIME	SHORT_FLIGHT	AFTERNOON	AFTERNOON	5	23
347474	347474	UA	SFO	LAX	499	None	ON_TIME	SHORT_FLIGHT	AFTERNOON	EVENING	5	23
347594	347594	WN	SFO	LAX	4211	None	ON_TIME	SHORT_FLIGHT	AFTERNOON	EVENING	5	23
348374	348374	VX	SFO	LAX	938	None	ON_TIME	SHORT_FLIGHT	AFTERNOON	EVENING	5	23
348462	348462	UA	SFO	LAX	525	None	ON_TIME	SHORT_FLIGHT	AFTERNOON	EVENING	5	23
349226	349226	WN	SFO	LAX	3323	None	ON_TIME	MID_FLIGHT	EVENING	EVENING	5	23
349439	349439	AA	SFO	LAX	209	LATE_AIRCRAFT	SMALL_DELAY	SHORT_FLIGHT	EVENING	EVENING	5	23
349600	349600	VX	SFO	LAX	942	None	ON_TIME	SHORT_FLIGHT	EVENING	EVENING	5	23
349662	349662	UA	SFO	LAX	1676	None	ON_TIME	SHORT_FLIGHT	EVENING	EVENING	5	23
350617	350617	UA	SFO	LAX	1429	None	ON_TIME	SHORT_FLIGHT	EVENING	EVENING	5	23
351202	351202	WN	SFO	LAX	4389	LATE_AIRCRAFT	SMALL_DELAY	SHORT_FLIGHT	EVENING	EVENING	5	23
351333	351333	VX	SFO	LAX	948	None	ON_TIME	SHORT_FLIGHT	EVENING	EVENING	5	23
351389	351389	AA	SFO	LAX	219	None	SMALL_DELAY	SHORT_FLIGHT	EVENING	EVENING	5	23
352080	352080	UA	SFO	LAX	1705	None	ON_TIME	SHORT_FLIGHT	EVENING	EVENING	5	23
352706	352706	UA	SFO	LAX	1224	None	ON_TIME	MID_FLIGHT	MORNING	MORNING	6	24
353102	353102	WN	SFO	LAX	2671	None	ON_TIME	SHORT_FLIGHT	MORNING	MORNING	6	24
353178	353178	VX	SFO	LAX	922	None	ON_TIME	SHORT_FLIGHT	MORNING	MORNING	6	24
354375	354375	VX	SFO	LAX	334	None	ON_TIME	SHORT_FLIGHT	MORNING	MORNING	6	24
354799	354799	UA	SFO	LAX	1165	None	ON_TIME	SHORT_FLIGHT	MORNING	MORNING	6	24
355186	355186	WN	SFO	LAX	3622	None	ON_TIME	SHORT_FLIGHT	MORNING	MORNING	6	24
355278	355278	AA	SFO	LAX	338	None	ON_TIME	SHORT_FLIGHT	MORNING	MORNING	6	24
355649	355649	UA	SFO	LAX	531	None	ON_TIME	MID_FLIGHT	MORNING	MORNING	6	24
356639	356639	UA	SFO	LAX	1274	None	ON_TIME	MID_FLIGHT	MORNING	AFTERNOON	6	24
356946	356946	WN	SFO	LAX	3817	None	ON_TIME	SHORT_FLIGHT	MORNING	AFTERNOON	6	24
356999	356999	VX	SFO	LAX	330	None	ON_TIME	SHORT_FLIGHT	MORNING	AFTERNOON	6	24
358399	358399	WN	SFO	LAX	3627	None	ON_TIME	SHORT_FLIGHT	AFTERNOON	AFTERNOON	6	24
358483	358483	AA	SFO	LAX	2378	None	ON_TIME	SHORT_FLIGHT	AFTERNOON	AFTERNOON	6	24
358784	358784	UA	SFO	LAX	1761	None	ON_TIME	MID_FLIGHT	AFTERNOON	AFTERNOON	6	24
359215	359215	VX	SFO	LAX	928	None	ON_TIME	SHORT_FLIGHT	AFTERNOON	AFTERNOON	6	24
359984	359984	AA	SFO	LAX	1150	None	ON_TIME	SHORT_FLIGHT	AFTERNOON	AFTERNOON	6	24
360366	360366	WN	SFO	LAX	2507	None	ON_TIME	SHORT_FLIGHT	AFTERNOON	AFTERNOON	6	24
360594	360594	VX	SFO	LAX	932	None	ON_TIME	SHORT_FLIGHT	AFTERNOON	AFTERNOON	6	24
361284	361284	VX	SFO	LAX	936	None	ON_TIME	SHORT_FLIGHT	AFTERNOON	AFTERNOON	6	24
361518	361518	UA	SFO	LAX	1660	None	ON_TIME	SHORT_FLIGHT	AFTERNOON	EVENING	6	24
361832	361832	WN	SFO	LAX	3628	None	ON_TIME	SHORT_FLIGHT	AFTERNOON	EVENING	6	24
362853	362853	AA	SFO	LAX	209	None	ON_TIME	SHORT_FLIGHT	EVENING	EVENING	6	24
363338	363338	VX	SFO	LAX	942	None	ON_TIME	SHORT_FLIGHT	EVENING	EVENING	6	24
363560	363560	UA	SFO	LAX	1676	None	ON_TIME	SHORT_FLIGHT	EVENING	EVENING	6	24
364044	364044	WN	SFO	LAX	3630	None	ON_TIME	SHORT_FLIGHT	EVENING	EVENING	6	24
364061	364061	AA	SFO	LAX	219	None	ON_TIME	SHORT_FLIGHT	EVENING	EVENING	6	24
364412	364412	UA	SFO	LAX	1573	None	ON_TIME	SHORT_FLIGHT	EVENING	EVENING	6	24
364885	364885	UA	SFO	LAX	1224	None	ON_TIME	MID_FLIGHT	MORNING	MORNING	7	25
365613	365613	AA	SFO	LAX	1250	None	ON_TIME	SHORT_FLIGHT	MORNING	MORNING	7	25
366126	366126	UA	SFO	LAX	1297	None	ON_TIME	MID_FLIGHT	MORNING	MORNING	7	25
366339	366339	VX	SFO	LAX	334	None	ON_TIME	SHORT_FLIGHT	MORNING	MORNING	7	25
367233	367233	AA	SFO	LAX	338	None	ON_TIME	SHORT_FLIGHT	MORNING	MORNING	7	25
367502	367502	UA	SFO	LAX	479	None	ON_TIME	MID_FLIGHT	MORNING	MORNING	7	25
368016	368016	VX	SFO	LAX	924	None	ON_TIME	SHORT_FLIGHT	MORNING	MORNING	7	25
368233	368233	WN	SFO	LAX	553	None	ON_TIME	SHORT_FLIGHT	MORNING	MORNING	7	25
368728	368728	UA	SFO	LAX	1196	None	ON_TIME	MID_FLIGHT	MORNING	AFTERNOON	7	25
369153	369153	VX	SFO	LAX	330	None	ON_TIME	SHORT_FLIGHT	MORNING	AFTERNOON	7	25
369834	369834	WN	SFO	LAX	2241	None	ON_TIME	SHORT_FLIGHT	MORNING	AFTERNOON	7	25
370189	370189	UA	SFO	LAX	342	None	ON_TIME	MID_FLIGHT	AFTERNOON	AFTERNOON	7	25
370828	370828	AA	SFO	LAX	2378	None	ON_TIME	SHORT_FLIGHT	AFTERNOON	AFTERNOON	7	25
370922	370922	WN	SFO	LAX	879	None	ON_TIME	SHORT_FLIGHT	AFTERNOON	AFTERNOON	7	25
371174	371174	UA	SFO	LAX	1761	None	ON_TIME	MID_FLIGHT	AFTERNOON	AFTERNOON	7	25
371373	371373	VX	SFO	LAX	928	None	ON_TIME	SHORT_FLIGHT	AFTERNOON	AFTERNOON	7	25
372390	372390	VX	SFO	LAX	1934	None	ON_TIME	SHORT_FLIGHT	AFTERNOON	AFTERNOON	7	25
372477	372477	UA	SFO	LAX	390	None	ON_TIME	SHORT_FLIGHT	AFTERNOON	AFTERNOON	7	25
372617	372617	AA	SFO	LAX	1150	None	ON_TIME	SHORT_FLIGHT	AFTERNOON	AFTERNOON	7	25
373371	373371	VX	SFO	LAX	932	None	ON_TIME	SHORT_FLIGHT	AFTERNOON	AFTERNOON	7	25
373541	373541	UA	SFO	LAX	1124	None	ON_TIME	SHORT_FLIGHT	AFTERNOON	AFTERNOON	7	25
373572	373572	WN	SFO	LAX	2419	AIR_SYSTEM	ON_TIME	SHORT_FLIGHT	AFTERNOON	AFTERNOON	7	25
374055	374055	VX	SFO	LAX	936	None	ON_TIME	SHORT_FLIGHT	AFTERNOON	AFTERNOON	7	25
374499	374499	UA	SFO	LAX	769	None	ON_TIME	SHORT_FLIGHT	AFTERNOON	EVENING	7	25
374620	374620	WN	SFO	LAX	4211	None	ON_TIME	SHORT_FLIGHT	AFTERNOON	EVENING	7	25
375386	375386	VX	SFO	LAX	938	None	ON_TIME	SHORT_FLIGHT	AFTERNOON	EVENING	7	25
376233	376233	WN	SFO	LAX	3323	None	ON_TIME	MID_FLIGHT	EVENING	EVENING	7	25
376437	376437	AA	SFO	LAX	209	None	ON_TIME	SHORT_FLIGHT	EVENING	EVENING	7	25
376595	376595	VX	SFO	LAX	942	LATE_AIRCRAFT	LARGE_DELAY	SHORT_FLIGHT	EVENING	EVENING	7	25
376661	376661	UA	SFO	LAX	1710	None	ON_TIME	SHORT_FLIGHT	EVENING	EVENING	7	25
377607	377607	UA	SFO	LAX	1245	AIR_SYSTEM	ON_TIME	SHORT_FLIGHT	EVENING	EVENING	7	25
378198	378198	WN	SFO	LAX	4389	None	ON_TIME	SHORT_FLIGHT	EVENING	EVENING	7	25
378327	378327	VX	SFO	LAX	948	None	ON_TIME	SHORT_FLIGHT	EVENING	EVENING	7	25
378385	378385	AA	SFO	LAX	219	None	ON_TIME	SHORT_FLIGHT	EVENING	EVENING	7	25
378662	378662	VX	SFO	LAX	1944	None	ON_TIME	SHORT_FLIGHT	EVENING	EVENING	7	25
379081	379081	UA	SFO	LAX	1573	None	ON_TIME	SHORT_FLIGHT	EVENING	EVENING	7	25
379839	379839	UA	SFO	LAX	537	None	ON_TIME	MID_FLIGHT	MORNING	MORNING	1	26
379900	379900	WN	SFO	LAX	2077	None	ON_TIME	SHORT_FLIGHT	MORNING	MORNING	1	26
380493	380493	VX	SFO	LAX	922	None	ON_TIME	SHORT_FLIGHT	MORNING	MORNING	1	26
380982	380982	AA	SFO	LAX	1250	None	ON_TIME	SHORT_FLIGHT	MORNING	MORNING	1	26
381407	381407	UA	SFO	LAX	478	None	ON_TIME	MID_FLIGHT	MORNING	MORNING	1	26
381624	381624	WN	SFO	LAX	2063	None	ON_TIME	SHORT_FLIGHT	MORNING	MORNING	1	26
381935	381935	VX	SFO	LAX	334	AIRLINE	ON_TIME	SHORT_FLIGHT	MORNING	MORNING	1	26
382430	382430	UA	SFO	LAX	1181	None	ON_TIME	SHORT_FLIGHT	MORNING	MORNING	1	26
382995	382995	AA	SFO	LAX	338	None	ON_TIME	SHORT_FLIGHT	MORNING	MORNING	1	26
383568	383568	UA	SFO	LAX	479	None	ON_TIME	MID_FLIGHT	MORNING	MORNING	1	26
384089	384089	WN	SFO	LAX	553	None	ON_TIME	SHORT_FLIGHT	MORNING	MORNING	1	26
384614	384614	UA	SFO	LAX	356	None	ON_TIME	MID_FLIGHT	MORNING	AFTERNOON	1	26
385065	385065	VX	SFO	LAX	330	None	ON_TIME	SHORT_FLIGHT	MORNING	AFTERNOON	1	26
385767	385767	WN	SFO	LAX	2241	None	ON_TIME	SHORT_FLIGHT	MORNING	AFTERNOON	1	26
386154	386154	UA	SFO	LAX	342	None	ON_TIME	MID_FLIGHT	AFTERNOON	AFTERNOON	1	26
386804	386804	AA	SFO	LAX	2378	None	ON_TIME	SHORT_FLIGHT	AFTERNOON	AFTERNOON	1	26
387154	387154	UA	SFO	LAX	569	None	ON_TIME	MID_FLIGHT	AFTERNOON	AFTERNOON	1	26
387349	387349	VX	SFO	LAX	928	None	ON_TIME	SHORT_FLIGHT	AFTERNOON	AFTERNOON	1	26
388466	388466	UA	SFO	LAX	769	LATE_AIRCRAFT	SMALL_DELAY	SHORT_FLIGHT	AFTERNOON	AFTERNOON	1	26
388618	388618	AA	SFO	LAX	1150	None	ON_TIME	SHORT_FLIGHT	AFTERNOON	AFTERNOON	1	26
389370	389370	VX	SFO	LAX	932	None	ON_TIME	SHORT_FLIGHT	AFTERNOON	AFTERNOON	1	26
389519	389519	UA	SFO	LAX	488	None	ON_TIME	SHORT_FLIGHT	AFTERNOON	AFTERNOON	1	26
389556	389556	WN	SFO	LAX	2419	None	ON_TIME	SHORT_FLIGHT	AFTERNOON	AFTERNOON	1	26
390069	390069	VX	SFO	LAX	936	None	ON_TIME	SHORT_FLIGHT	AFTERNOON	AFTERNOON	1	26
390514	390514	UA	SFO	LAX	499	None	SMALL_DELAY	SHORT_FLIGHT	AFTERNOON	EVENING	1	26
390624	390624	WN	SFO	LAX	4211	None	ON_TIME	SHORT_FLIGHT	AFTERNOON	EVENING	1	26
391399	391399	VX	SFO	LAX	938	None	ON_TIME	SHORT_FLIGHT	AFTERNOON	EVENING	1	26
391490	391490	UA	SFO	LAX	525	None	ON_TIME	SHORT_FLIGHT	AFTERNOON	EVENING	1	26
392240	392240	WN	SFO	LAX	3323	None	ON_TIME	MID_FLIGHT	EVENING	EVENING	1	26
392447	392447	AA	SFO	LAX	209	LATE_AIRCRAFT	SMALL_DELAY	SHORT_FLIGHT	EVENING	EVENING	1	26
392608	392608	VX	SFO	LAX	942	None	ON_TIME	SHORT_FLIGHT	EVENING	EVENING	1	26
392672	392672	UA	SFO	LAX	1676	None	ON_TIME	SHORT_FLIGHT	EVENING	EVENING	1	26
393603	393603	UA	SFO	LAX	1251	None	ON_TIME	SHORT_FLIGHT	EVENING	EVENING	1	26
394171	394171	WN	SFO	LAX	4389	None	ON_TIME	SHORT_FLIGHT	EVENING	EVENING	1	26
394303	394303	VX	SFO	LAX	948	None	ON_TIME	SHORT_FLIGHT	EVENING	EVENING	1	26
394357	394357	AA	SFO	LAX	219	None	ON_TIME	SHORT_FLIGHT	EVENING	EVENING	1	26
395726	395726	UA	SFO	LAX	1296	None	ON_TIME	MID_FLIGHT	MORNING	MORNING	2	27
395780	395780	WN	SFO	LAX	2077	None	ON_TIME	SHORT_FLIGHT	MORNING	MORNING	2	27
396360	396360	VX	SFO	LAX	922	None	ON_TIME	SHORT_FLIGHT	MORNING	MORNING	2	27
396837	396837	AA	SFO	LAX	1250	None	ON_TIME	SHORT_FLIGHT	MORNING	MORNING	2	27
397756	397756	VX	SFO	LAX	334	None	ON_TIME	SHORT_FLIGHT	MORNING	MORNING	2	27
398226	398226	UA	SFO	LAX	479	AIRLINE	LARGE_DELAY	SHORT_FLIGHT	MORNING	MORNING	2	27
398680	398680	WN	SFO	LAX	881	None	ON_TIME	SHORT_FLIGHT	MORNING	MORNING	2	27
398784	398784	AA	SFO	LAX	338	None	ON_TIME	SHORT_FLIGHT	MORNING	MORNING	2	27
399330	399330	UA	SFO	LAX	814	None	ON_TIME	MID_FLIGHT	MORNING	MORNING	2	27
399832	399832	WN	SFO	LAX	553	None	ON_TIME	SHORT_FLIGHT	MORNING	MORNING	2	27
400283	400283	UA	SFO	LAX	1172	AIR_SYSTEM	SMALL_DELAY	MID_FLIGHT	MORNING	AFTERNOON	2	27
400764	400764	VX	SFO	LAX	330	AIR_SYSTEM	ON_TIME	SHORT_FLIGHT	MORNING	AFTERNOON	2	27
401782	401782	UA	SFO	LAX	1703	None	ON_TIME	MID_FLIGHT	AFTERNOON	AFTERNOON	2	27
402413	402413	AA	SFO	LAX	2378	None	ON_TIME	SHORT_FLIGHT	AFTERNOON	AFTERNOON	2	27
402502	402502	WN	SFO	LAX	879	None	ON_TIME	SHORT_FLIGHT	AFTERNOON	AFTERNOON	2	27
402836	402836	UA	SFO	LAX	1124	None	ON_TIME	MID_FLIGHT	AFTERNOON	AFTERNOON	2	27
402946	402946	VX	SFO	LAX	928	None	ON_TIME	SHORT_FLIGHT	AFTERNOON	AFTERNOON	2	27
404015	404015	UA	SFO	LAX	1070	None	ON_TIME	SHORT_FLIGHT	AFTERNOON	AFTERNOON	2	27
404169	404169	AA	SFO	LAX	1150	None	ON_TIME	SHORT_FLIGHT	AFTERNOON	AFTERNOON	2	27
404898	404898	VX	SFO	LAX	932	None	ON_TIME	SHORT_FLIGHT	AFTERNOON	AFTERNOON	2	27
405125	405125	UA	SFO	LAX	1670	None	ON_TIME	SHORT_FLIGHT	AFTERNOON	AFTERNOON	2	27
405551	405551	VX	SFO	LAX	936	None	ON_TIME	SHORT_FLIGHT	AFTERNOON	AFTERNOON	2	27
405972	405972	UA	SFO	LAX	769	None	ON_TIME	SHORT_FLIGHT	AFTERNOON	EVENING	2	27
406080	406080	WN	SFO	LAX	4211	None	ON_TIME	SHORT_FLIGHT	AFTERNOON	EVENING	2	27
406829	406829	VX	SFO	LAX	938	None	ON_TIME	SHORT_FLIGHT	AFTERNOON	EVENING	2	27
406920	406920	UA	SFO	LAX	1710	None	ON_TIME	SHORT_FLIGHT	AFTERNOON	EVENING	2	27
407614	407614	WN	SFO	LAX	3323	None	ON_TIME	MID_FLIGHT	EVENING	EVENING	2	27
407806	407806	AA	SFO	LAX	209	None	ON_TIME	SHORT_FLIGHT	EVENING	EVENING	2	27
407959	407959	VX	SFO	LAX	942	None	ON_TIME	SHORT_FLIGHT	EVENING	EVENING	2	27
408020	408020	UA	SFO	LAX	1676	None	ON_TIME	SHORT_FLIGHT	EVENING	EVENING	2	27
408887	408887	UA	SFO	LAX	1636	None	ON_TIME	SHORT_FLIGHT	EVENING	EVENING	2	27
409391	409391	WN	SFO	LAX	4389	None	ON_TIME	SHORT_FLIGHT	EVENING	EVENING	2	27
409523	409523	VX	SFO	LAX	948	None	ON_TIME	SHORT_FLIGHT	EVENING	EVENING	2	27
409585	409585	AA	SFO	LAX	219	None	ON_TIME	SHORT_FLIGHT	EVENING	EVENING	2	27
410180	410180	UA	SFO	LAX	1251	None	ON_TIME	SHORT_FLIGHT	EVENING	EVENING	2	27
410918	410918	UA	SFO	LAX	1296	None	ON_TIME	MID_FLIGHT	MORNING	MORNING	3	28
410927	410927	WN	SFO	LAX	2077	None	ON_TIME	SHORT_FLIGHT	MORNING	MORNING	3	28
411299	411299	VX	SFO	LAX	922	None	ON_TIME	SHORT_FLIGHT	MORNING	MORNING	3	28
411991	411991	AA	SFO	LAX	1250	None	ON_TIME	SHORT_FLIGHT	MORNING	MORNING	3	28
412240	412240	UA	SFO	LAX	478	None	ON_TIME	MID_FLIGHT	MORNING	MORNING	3	28
412611	412611	WN	SFO	LAX	2063	None	ON_TIME	SHORT_FLIGHT	MORNING	MORNING	3	28
412910	412910	VX	SFO	LAX	334	None	ON_TIME	SHORT_FLIGHT	MORNING	MORNING	3	28
413377	413377	UA	SFO	LAX	1181	AIRLINE	MID_DELAY	SHORT_FLIGHT	MORNING	MORNING	3	28
413821	413821	WN	SFO	LAX	881	None	ON_TIME	SHORT_FLIGHT	MORNING	MORNING	3	28
413940	413940	AA	SFO	LAX	338	None	ON_TIME	SHORT_FLIGHT	MORNING	MORNING	3	28
414492	414492	UA	SFO	LAX	814	None	ON_TIME	MID_FLIGHT	MORNING	MORNING	3	28
414987	414987	WN	SFO	LAX	553	None	ON_TIME	SHORT_FLIGHT	MORNING	MORNING	3	28
415524	415524	UA	SFO	LAX	1165	None	ON_TIME	MID_FLIGHT	MORNING	AFTERNOON	3	28
415944	415944	VX	SFO	LAX	330	None	ON_TIME	SHORT_FLIGHT	MORNING	AFTERNOON	3	28
416612	416612	WN	SFO	LAX	2241	None	ON_TIME	SHORT_FLIGHT	MORNING	AFTERNOON	3	28
416992	416992	UA	SFO	LAX	653	None	ON_TIME	MID_FLIGHT	AFTERNOON	AFTERNOON	3	28
417626	417626	AA	SFO	LAX	2378	None	ON_TIME	SHORT_FLIGHT	AFTERNOON	AFTERNOON	3	28
417704	417704	WN	SFO	LAX	879	None	ON_TIME	SHORT_FLIGHT	AFTERNOON	AFTERNOON	3	28
417984	417984	UA	SFO	LAX	1251	None	ON_TIME	MID_FLIGHT	AFTERNOON	AFTERNOON	3	28
418235	418235	VX	SFO	LAX	928	None	ON_TIME	SHORT_FLIGHT	AFTERNOON	AFTERNOON	3	28
419262	419262	UA	SFO	LAX	1297	None	ON_TIME	SHORT_FLIGHT	AFTERNOON	AFTERNOON	3	28
419413	419413	AA	SFO	LAX	1150	None	ON_TIME	SHORT_FLIGHT	AFTERNOON	AFTERNOON	3	28
420143	420143	VX	SFO	LAX	932	None	ON_TIME	SHORT_FLIGHT	AFTERNOON	AFTERNOON	3	28
420314	420314	WN	SFO	LAX	2419	None	ON_TIME	SHORT_FLIGHT	AFTERNOON	AFTERNOON	3	28
420376	420376	UA	SFO	LAX	1094	None	ON_TIME	SHORT_FLIGHT	AFTERNOON	AFTERNOON	3	28
420825	420825	VX	SFO	LAX	936	None	ON_TIME	SHORT_FLIGHT	AFTERNOON	AFTERNOON	3	28
421261	421261	UA	SFO	LAX	769	None	ON_TIME	SHORT_FLIGHT	AFTERNOON	EVENING	3	28
421362	421362	WN	SFO	LAX	4211	None	ON_TIME	SHORT_FLIGHT	AFTERNOON	EVENING	3	28
422145	422145	VX	SFO	LAX	938	None	ON_TIME	SHORT_FLIGHT	AFTERNOON	EVENING	3	28
422234	422234	UA	SFO	LAX	1710	None	ON_TIME	SHORT_FLIGHT	AFTERNOON	EVENING	3	28
422949	422949	WN	SFO	LAX	3323	AIRLINE	MID_DELAY	MID_FLIGHT	EVENING	EVENING	3	28
423158	423158	AA	SFO	LAX	209	None	ON_TIME	SHORT_FLIGHT	EVENING	EVENING	3	28
423323	423323	VX	SFO	LAX	942	None	ON_TIME	SHORT_FLIGHT	EVENING	EVENING	3	28
423389	423389	UA	SFO	LAX	1676	None	ON_TIME	SHORT_FLIGHT	EVENING	EVENING	3	28
424299	424299	UA	SFO	LAX	1124	None	ON_TIME	SHORT_FLIGHT	EVENING	EVENING	3	28
424823	424823	WN	SFO	LAX	4389	AIRLINE	MID_DELAY	SHORT_FLIGHT	EVENING	EVENING	3	28
424961	424961	VX	SFO	LAX	948	None	ON_TIME	SHORT_FLIGHT	EVENING	EVENING	3	28
425025	425025	AA	SFO	LAX	219	None	ON_TIME	SHORT_FLIGHT	EVENING	EVENING	3	28
425680	425680	UA	SFO	LAX	1278	None	ON_TIME	SHORT_FLIGHT	EVENING	EVENING	3	28
426421	426421	UA	SFO	LAX	537	None	ON_TIME	MID_FLIGHT	MORNING	MORNING	4	29
426480	426480	WN	SFO	LAX	2077	None	ON_TIME	SHORT_FLIGHT	MORNING	MORNING	4	29
427053	427053	VX	SFO	LAX	922	None	ON_TIME	SHORT_FLIGHT	MORNING	MORNING	4	29
427541	427541	AA	SFO	LAX	1250	None	ON_TIME	SHORT_FLIGHT	MORNING	MORNING	4	29
427967	427967	UA	SFO	LAX	478	None	ON_TIME	MID_FLIGHT	MORNING	MORNING	4	29
428184	428184	WN	SFO	LAX	2063	None	ON_TIME	SHORT_FLIGHT	MORNING	MORNING	4	29
428483	428483	VX	SFO	LAX	334	None	ON_TIME	SHORT_FLIGHT	MORNING	MORNING	4	29
428970	428970	UA	SFO	LAX	1429	None	ON_TIME	SHORT_FLIGHT	MORNING	MORNING	4	29
429438	429438	WN	SFO	LAX	881	None	ON_TIME	SHORT_FLIGHT	MORNING	MORNING	4	29
429535	429535	AA	SFO	LAX	338	None	ON_TIME	SHORT_FLIGHT	MORNING	MORNING	4	29
430108	430108	UA	SFO	LAX	479	None	ON_TIME	MID_FLIGHT	MORNING	MORNING	4	29
431152	431152	UA	SFO	LAX	670	LATE_AIRCRAFT	MID_DELAY	MID_FLIGHT	MORNING	AFTERNOON	4	29
431607	431607	VX	SFO	LAX	330	None	ON_TIME	SHORT_FLIGHT	MORNING	AFTERNOON	4	29
432317	432317	WN	SFO	LAX	2241	None	ON_TIME	SHORT_FLIGHT	MORNING	AFTERNOON	4	29
432696	432696	UA	SFO	LAX	342	None	ON_TIME	MID_FLIGHT	AFTERNOON	AFTERNOON	4	29
433343	433343	AA	SFO	LAX	2378	None	ON_TIME	SHORT_FLIGHT	AFTERNOON	AFTERNOON	4	29
433437	433437	WN	SFO	LAX	879	None	ON_TIME	SHORT_FLIGHT	AFTERNOON	AFTERNOON	4	29
433697	433697	UA	SFO	LAX	392	None	ON_TIME	MID_FLIGHT	AFTERNOON	AFTERNOON	4	29
433902	433902	VX	SFO	LAX	928	None	ON_TIME	SHORT_FLIGHT	AFTERNOON	AFTERNOON	4	29
435020	435020	UA	SFO	LAX	769	None	ON_TIME	SHORT_FLIGHT	AFTERNOON	AFTERNOON	4	29
435172	435172	AA	SFO	LAX	1150	None	ON_TIME	SHORT_FLIGHT	AFTERNOON	AFTERNOON	4	29
435938	435938	VX	SFO	LAX	932	None	ON_TIME	SHORT_FLIGHT	AFTERNOON	AFTERNOON	4	29
436089	436089	UA	SFO	LAX	488	LATE_AIRCRAFT	SMALL_DELAY	SHORT_FLIGHT	AFTERNOON	AFTERNOON	4	29
436632	436632	VX	SFO	LAX	936	None	ON_TIME	SHORT_FLIGHT	AFTERNOON	AFTERNOON	4	29
437084	437084	UA	SFO	LAX	499	None	ON_TIME	SHORT_FLIGHT	AFTERNOON	EVENING	4	29
437203	437203	WN	SFO	LAX	4211	None	ON_TIME	SHORT_FLIGHT	AFTERNOON	EVENING	4	29
437976	437976	VX	SFO	LAX	938	None	ON_TIME	SHORT_FLIGHT	AFTERNOON	EVENING	4	29
438068	438068	UA	SFO	LAX	525	None	ON_TIME	SHORT_FLIGHT	AFTERNOON	EVENING	4	29
438830	438830	WN	SFO	LAX	3323	None	ON_TIME	MID_FLIGHT	EVENING	EVENING	4	29
439037	439037	AA	SFO	LAX	209	None	ON_TIME	SHORT_FLIGHT	EVENING	EVENING	4	29
439199	439199	VX	SFO	LAX	942	None	ON_TIME	SHORT_FLIGHT	EVENING	EVENING	4	29
439265	439265	UA	SFO	LAX	1676	None	ON_TIME	SHORT_FLIGHT	EVENING	EVENING	4	29
440215	440215	UA	SFO	LAX	1251	None	ON_TIME	SHORT_FLIGHT	EVENING	EVENING	4	29
440807	440807	WN	SFO	LAX	4389	None	ON_TIME	SHORT_FLIGHT	EVENING	EVENING	4	29
440936	440936	VX	SFO	LAX	948	None	ON_TIME	SHORT_FLIGHT	EVENING	EVENING	4	29
440992	440992	AA	SFO	LAX	219	None	ON_TIME	SHORT_FLIGHT	EVENING	EVENING	4	29
441686	441686	UA	SFO	LAX	1705	None	ON_TIME	SHORT_FLIGHT	EVENING	EVENING	4	29
442428	442428	UA	SFO	LAX	1240	None	ON_TIME	MID_FLIGHT	MORNING	MORNING	5	30
442516	442516	WN	SFO	LAX	2077	None	ON_TIME	SHORT_FLIGHT	MORNING	MORNING	5	30
443085	443085	VX	SFO	LAX	922	None	ON_TIME	SHORT_FLIGHT	MORNING	MORNING	5	30
443575	443575	AA	SFO	LAX	1250	None	ON_TIME	SHORT_FLIGHT	MORNING	MORNING	5	30
444002	444002	UA	SFO	LAX	478	None	ON_TIME	MID_FLIGHT	MORNING	MORNING	5	30
444522	444522	VX	SFO	LAX	334	None	ON_TIME	SHORT_FLIGHT	MORNING	MORNING	5	30
445012	445012	UA	SFO	LAX	1235	None	ON_TIME	SHORT_FLIGHT	MORNING	MORNING	5	30
445490	445490	WN	SFO	LAX	881	None	ON_TIME	SHORT_FLIGHT	MORNING	MORNING	5	30
445585	445585	AA	SFO	LAX	338	None	ON_TIME	SHORT_FLIGHT	MORNING	MORNING	5	30
446160	446160	UA	SFO	LAX	479	None	ON_TIME	MID_FLIGHT	MORNING	MORNING	5	30
446699	446699	WN	SFO	LAX	553	None	ON_TIME	SHORT_FLIGHT	MORNING	MORNING	5	30
447210	447210	UA	SFO	LAX	356	None	ON_TIME	MID_FLIGHT	MORNING	AFTERNOON	5	30
447661	447661	VX	SFO	LAX	330	None	ON_TIME	SHORT_FLIGHT	MORNING	AFTERNOON	5	30
448378	448378	WN	SFO	LAX	2241	None	ON_TIME	SHORT_FLIGHT	MORNING	AFTERNOON	5	30
448753	448753	UA	SFO	LAX	342	None	ON_TIME	MID_FLIGHT	AFTERNOON	AFTERNOON	5	30
449403	449403	AA	SFO	LAX	2378	LATE_AIRCRAFT	LARGE_DELAY	SHORT_FLIGHT	AFTERNOON	AFTERNOON	5	30
449497	449497	WN	SFO	LAX	879	LATE_AIRCRAFT	LARGE_DELAY	SHORT_FLIGHT	AFTERNOON	AFTERNOON	5	30
449757	449757	UA	SFO	LAX	392	LATE_AIRCRAFT	MID_DELAY	MID_FLIGHT	AFTERNOON	AFTERNOON	5	30
449955	449955	VX	SFO	LAX	928	None	ON_TIME	SHORT_FLIGHT	AFTERNOON	AFTERNOON	5	30
451079	451079	UA	SFO	LAX	769	None	ON_TIME	SHORT_FLIGHT	AFTERNOON	AFTERNOON	5	30
451233	451233	AA	SFO	LAX	1150	None	ON_TIME	SHORT_FLIGHT	AFTERNOON	AFTERNOON	5	30
451990	451990	VX	SFO	LAX	932	None	ON_TIME	SHORT_FLIGHT	AFTERNOON	AFTERNOON	5	30
452146	452146	UA	SFO	LAX	488	None	SMALL_DELAY	SHORT_FLIGHT	AFTERNOON	AFTERNOON	5	30
452191	452191	WN	SFO	LAX	2419	None	ON_TIME	SHORT_FLIGHT	AFTERNOON	AFTERNOON	5	30
452690	452690	VX	SFO	LAX	936	None	ON_TIME	SHORT_FLIGHT	AFTERNOON	AFTERNOON	5	30
453148	453148	UA	SFO	LAX	499	None	ON_TIME	SHORT_FLIGHT	AFTERNOON	EVENING	5	30
453269	453269	WN	SFO	LAX	4211	LATE_AIRCRAFT	LARGE_DELAY	SHORT_FLIGHT	AFTERNOON	EVENING	5	30
454041	454041	VX	SFO	LAX	938	None	ON_TIME	SHORT_FLIGHT	AFTERNOON	EVENING	5	30
454134	454134	UA	SFO	LAX	525	None	ON_TIME	SHORT_FLIGHT	AFTERNOON	EVENING	5	30
454902	454902	WN	SFO	LAX	3323	LATE_AIRCRAFT	MID_DELAY	MID_FLIGHT	EVENING	EVENING	5	30
455113	455113	AA	SFO	LAX	209	None	ON_TIME	SHORT_FLIGHT	EVENING	EVENING	5	30
455270	455270	VX	SFO	LAX	942	None	ON_TIME	SHORT_FLIGHT	EVENING	EVENING	5	30
455337	455337	UA	SFO	LAX	1676	None	ON_TIME	SHORT_FLIGHT	EVENING	EVENING	5	30
456290	456290	UA	SFO	LAX	1429	AIR_SYSTEM	ON_TIME	SHORT_FLIGHT	EVENING	EVENING	5	30
456887	456887	WN	SFO	LAX	4389	LATE_AIRCRAFT	SMALL_DELAY	SHORT_FLIGHT	EVENING	EVENING	5	30
457010	457010	VX	SFO	LAX	948	None	ON_TIME	SHORT_FLIGHT	EVENING	EVENING	5	30
457066	457066	AA	SFO	LAX	219	None	ON_TIME	SHORT_FLIGHT	EVENING	EVENING	5	30
457761	457761	UA	SFO	LAX	1705	None	ON_TIME	SHORT_FLIGHT	EVENING	EVENING	5	30
458383	458383	UA	SFO	LAX	1224	None	ON_TIME	MID_FLIGHT	MORNING	MORNING	6	31
458775	458775	WN	SFO	LAX	2671	None	ON_TIME	SHORT_FLIGHT	MORNING	MORNING	6	31
458843	458843	VX	SFO	LAX	922	None	ON_TIME	SHORT_FLIGHT	MORNING	MORNING	6	31
460026	460026	VX	SFO	LAX	334	None	ON_TIME	SHORT_FLIGHT	MORNING	MORNING	6	31
460444	460444	UA	SFO	LAX	1745	None	ON_TIME	SHORT_FLIGHT	MORNING	MORNING	6	31
460836	460836	WN	SFO	LAX	3622	None	ON_TIME	SHORT_FLIGHT	MORNING	MORNING	6	31
460921	460921	AA	SFO	LAX	338	None	ON_TIME	SHORT_FLIGHT	MORNING	MORNING	6	31
461283	461283	UA	SFO	LAX	531	None	ON_TIME	MID_FLIGHT	MORNING	MORNING	6	31
462260	462260	UA	SFO	LAX	1274	LATE_AIRCRAFT	MID_DELAY	MID_FLIGHT	MORNING	AFTERNOON	6	31
462561	462561	WN	SFO	LAX	3817	None	ON_TIME	SHORT_FLIGHT	MORNING	AFTERNOON	6	31
462611	462611	VX	SFO	LAX	330	None	ON_TIME	SHORT_FLIGHT	MORNING	AFTERNOON	6	31
463999	463999	WN	SFO	LAX	3627	None	ON_TIME	SHORT_FLIGHT	AFTERNOON	AFTERNOON	6	31
464079	464079	AA	SFO	LAX	2378	None	ON_TIME	SHORT_FLIGHT	AFTERNOON	AFTERNOON	6	31
464370	464370	UA	SFO	LAX	1761	None	ON_TIME	MID_FLIGHT	AFTERNOON	AFTERNOON	6	31
464530	464530	VX	SFO	LAX	928	None	ON_TIME	SHORT_FLIGHT	AFTERNOON	AFTERNOON	6	31
465536	465536	AA	SFO	LAX	1150	None	ON_TIME	SHORT_FLIGHT	AFTERNOON	AFTERNOON	6	31
465910	465910	WN	SFO	LAX	2507	None	ON_TIME	SHORT_FLIGHT	AFTERNOON	AFTERNOON	6	31
466124	466124	VX	SFO	LAX	932	None	ON_TIME	SHORT_FLIGHT	AFTERNOON	AFTERNOON	6	31
466792	466792	VX	SFO	LAX	936	None	ON_TIME	SHORT_FLIGHT	AFTERNOON	AFTERNOON	6	31
467020	467020	UA	SFO	LAX	1660	None	ON_TIME	SHORT_FLIGHT	AFTERNOON	EVENING	6	31
467333	467333	WN	SFO	LAX	3628	None	ON_TIME	SHORT_FLIGHT	AFTERNOON	EVENING	6	31
468319	468319	AA	SFO	LAX	209	AIR_SYSTEM	ON_TIME	SHORT_FLIGHT	EVENING	EVENING	6	31
468790	468790	VX	SFO	LAX	942	None	ON_TIME	SHORT_FLIGHT	EVENING	EVENING	6	31
469014	469014	UA	SFO	LAX	1245	None	ON_TIME	SHORT_FLIGHT	EVENING	EVENING	6	31
469489	469489	WN	SFO	LAX	3630	None	ON_TIME	SHORT_FLIGHT	EVENING	EVENING	6	31
469507	469507	AA	SFO	LAX	219	None	ON_TIME	SHORT_FLIGHT	EVENING	EVENING	6	31
469851	469851	UA	SFO	LAX	1573	None	ON_TIME	SHORT_FLIGHT	EVENING	EVENING	6	31
